NAICS Sector,Enterprise Size,Firms,Establishments,Employment,"Payroll ($1,000)",Year
Total,Total,"6,022,127","7,601,160","119,917,165","4,792,429,911",2006
,<500 employees,"6,004,056","6,472,647","60,223,740","2,128,793,097",2006
,500-999 employees,"8,974","112,383","6,197,683","247,551,621",2006
,"1,000-2,499 employees","5,336","136,993","8,143,512","348,224,922",2006
,"2,500-4,999 employees","1,877","113,479","6,479,030","304,377,206",2006
,"5,000-9,999 employees",931,"121,673","6,490,547","302,709,162",2006
,"10,000 or more employees",953,"643,985","32,382,653","1,460,773,903",2006
"Ag. Support, Forestry, Fishing, and Hunting",Total,"22,888","23,551","165,661","5,199,819",2006
,<500 employees,"22,797","23,093",[m],(D),2006
,500-999 employees,22,102,[h],(D),2006
,"1,000-2,499 employees",24,148,"10,582","339,392",2006
,"2,500-4,999 employees",24,56,[h],(D),2006
,"5,000-9,999 employees",6,11,206,"8,591",2006
,"10,000 or more employees",15,141,"4,355","249,580",2006
Mining,Total,"20,583","26,248","554,333","37,489,095",2006
,<500 employees,"20,249","21,878","244,538","14,311,939",2006
,500-999 employees,94,424,"32,867","2,436,879",2006
,"1,000-2,499 employees",110,924,"70,354","5,077,908",2006
,"2,500-4,999 employees",46,698,"51,010","3,774,935",2006
,"5,000-9,999 employees",34,"1,023","57,244","4,207,619",2006
,"10,000 or more employees",50,"1,301","98,320","7,679,815",2006
Utilities,Total,"6,554","17,174","614,427","47,692,490",2006
,<500 employees,"6,357","7,853","109,159","5,991,897",2006
,500-999 employees,35,263,"15,324","1,146,159",2006
,"1,000-2,499 employees",53,925,"48,429","3,716,435",2006
,"2,500-4,999 employees",30,"1,381","54,037","4,107,128",2006
,"5,000-9,999 employees",35,"2,473","117,378","9,114,957",2006
,"10,000 or more employees",44,"4,279","270,100","23,615,914",2006
Construction,Total,"791,558","802,349","7,338,799","322,004,134",2006
,<500 employees,"790,464","793,996","6,264,657","262,414,947",2006
,500-999 employees,537,"1,518","289,903","13,654,569",2006
,"1,000-2,499 employees",296,"1,599","264,624","14,399,451",2006
,"2,500-4,999 employees",105,"1,169","150,145","8,755,762",2006
,"5,000-9,999 employees",64,"1,198","138,160","8,480,615",2006
,"10,000 or more employees",92,"2,869","231,310","14,298,790",2006
Manufacturing,Total,"286,039","331,062","13,631,683","620,223,611",2006
,<500 employees,"281,970","295,601","6,056,221","234,966,293",2006
,500-999 employees,"1,754","6,108","931,758","41,160,067",2006
,"1,000-2,499 employees","1,186","7,596","1,252,769","56,999,398",2006
,"2,500-4,999 employees",502,"6,071","1,087,704","52,401,844",2006
,"5,000-9,999 employees",295,"5,146","1,008,862","46,541,082",2006
,"10,000 or more employees",332,"10,540","3,294,369","188,154,927",2006
Wholesale Trade,Total,"334,597","429,952","6,030,647","323,269,989",2006
,<500 employees,"331,538","369,990","3,685,678","175,816,200",2006
,500-999 employees,"1,117","8,519","307,080","17,508,284",2006
,"1,000-2,499 employees",858,"9,914","327,548","20,224,468",2006
,"2,500-4,999 employees",459,"9,788","321,133","19,148,106",2006
,"5,000-9,999 employees",290,"8,682","311,504","20,759,842",2006
,"10,000 or more employees",335,"23,059","1,077,704","69,813,089",2006
Retail Trade,Total,"725,577","1,120,319","15,767,866","368,277,604",2006
,<500 employees,"723,267","810,366","6,314,262","169,093,797",2006
,500-999 employees,885,"18,495","353,969","9,605,972",2006
,"1,000-2,499 employees",606,"26,877","441,374","10,984,985",2006
,"2,500-4,999 employees",282,"26,288","403,768","8,665,249",2006
,"5,000-9,999 employees",204,"36,886","618,575","14,222,621",2006
,"10,000 or more employees",333,"201,407","7,635,918","155,704,980",2006
Transportation and Warehousing,Total,"171,947","215,117","4,306,405","166,173,942",2006
,<500 employees,"169,807","179,620","1,629,628","55,865,115",2006
,500-999 employees,636,"3,863","199,095","7,888,782",2006
,"1,000-2,499 employees",551,"4,493","246,970","9,768,756",2006
,"2,500-4,999 employees",328,"4,760","238,276","9,947,817",2006
,"5,000-9,999 employees",255,"4,962","281,265","11,457,723",2006
,"10,000 or more employees",370,"17,419","1,711,171","71,245,749",2006
Information,Total,"74,952","141,945","3,396,246","213,277,018",2006
,<500 employees,"73,876","80,891","894,006","47,696,808",2006
,500-999 employees,323,"2,478","148,327","10,120,348",2006
,"1,000-2,499 employees",289,"4,432","234,476","16,416,700",2006
,"2,500-4,999 employees",121,"2,142","148,461","12,657,857",2006
,"5,000-9,999 employees",116,"3,417","229,339","14,536,871",2006
,"10,000 or more employees",227,"48,585","1,741,637","111,848,434",2006
Finance and Insurance,Total,"263,028","494,329","6,647,098","480,994,365",2006
,<500 employees,"261,345","312,214","2,183,865","132,989,943",2006
,500-999 employees,542,"11,875","270,144","18,458,257",2006
,"1,000-2,499 employees",448,"19,227","405,442","30,800,275",2006
,"2,500-4,999 employees",252,"18,462","459,925","33,862,542",2006
,"5,000-9,999 employees",168,"14,004","371,869","31,047,823",2006
,"10,000 or more employees",273,"118,547","2,955,853","233,835,525",2006
Real Estate and Rental and Leasing,Total,"305,981","382,128","2,216,803","87,528,338",2006
,<500 employees,"304,771","327,230","1,521,036","56,721,001",2006
,500-999 employees,391,"4,723","92,567","4,510,260",2006
,"1,000-2,499 employees",348,"7,225","111,372","5,522,753",2006
,"2,500-4,999 employees",146,"4,129","57,335","2,919,279",2006
,"5,000-9,999 employees",118,"9,968","95,329","4,348,641",2006
,"10,000 or more employees",207,"28,853","339,164","13,506,404",2006
"Professional, Scientific, and Technical Services",Total,"772,025","846,473","8,054,094","497,406,545",2006
,<500 employees,"769,050","794,346","4,958,015","282,558,751",2006
,500-999 employees,967,"5,380","388,295","27,850,964",2006
,"1,000-2,499 employees",822,"5,673","484,736","34,367,616",2006
,"2,500-4,999 employees",410,"5,544","355,420","25,550,807",2006
,"5,000-9,999 employees",300,"8,202","318,308","17,814,487",2006
,"10,000 or more employees",476,"27,328","1,549,320","109,263,920",2006
Management of Companies and Enterprises,Total,"26,760","48,311","2,915,644","266,267,977",2006
,<500 employees,"19,708","21,044","351,676","23,083,863",2006
,500-999 employees,"2,438","3,343","168,103","12,711,973",2006
,"1,000-2,499 employees","2,088","3,721","282,513","25,030,725",2006
,"2,500-4,999 employees","1,053","2,918","285,775","26,903,210",2006
,"5,000-9,999 employees",678,"2,945","317,098","31,057,447",2006
,"10,000 or more employees",795,"14,340","1,510,479","147,480,759",2006
"Admin., Support, Waste Mngt., and Remediation",Total,"323,282","378,335","10,003,626","283,240,782",2006
,<500 employees,"319,603","330,270","3,732,538","107,045,253",2006
,500-999 employees,"1,446","5,016","715,846","17,263,576",2006
,"1,000-2,499 employees","1,041","5,559","948,318","22,971,000",2006
,"2,500-4,999 employees",473,"5,738","691,045","19,384,528",2006
,"5,000-9,999 employees",288,"4,756","611,412","16,918,637",2006
,"10,000 or more employees",431,"26,996","3,304,467","99,657,788",2006
Educational Services,Total,"73,793","82,647","2,979,514","88,452,753",2006
,<500 employees,"72,657","76,557","1,333,946","35,016,796",2006
,500-999 employees,507,"1,512","290,998","6,859,326",2006
,"1,000-2,499 employees",385,"1,262","475,240","11,994,345",2006
,"2,500-4,999 employees",106,935,"211,400","6,711,097",2006
,"5,000-9,999 employees",42,399,"173,888","6,864,381",2006
,"10,000 or more employees",96,"1,982","494,042","21,006,808",2006
Health Care and Social Assistance,Total,"605,845","762,451","16,451,361","626,586,952",2006
,<500 employees,"602,022","678,744","7,946,394","281,620,985",2006
,500-999 employees,"1,807","19,036","1,143,742","38,320,239",2006
,"1,000-2,499 employees","1,154","14,994","1,606,453","61,156,437",2006
,"2,500-4,999 employees",471,"10,526","1,399,107","58,090,886",2006
,"5,000-9,999 employees",213,"6,220","1,264,255","53,913,187",2006
,"10,000 or more employees",178,"32,931","3,091,410","133,485,218",2006
"Arts, Entertainment, and Recreation",Total,"115,049","123,048","1,973,655","56,838,765",2006
,<500 employees,"114,377","117,186",[m],(D),2006
,500-999 employees,287,"1,340",[m],(D),2006
,"1,000-2,499 employees",199,"1,190","160,251","4,969,186",2006
,"2,500-4,999 employees",71,916,[l],(D),2006
,"5,000-9,999 employees",36,577,"58,105","1,130,288",2006
,"10,000 or more employees",79,"1,839","225,316","4,907,152",2006
Accommodation and Food Services,Total,"467,120","612,254","11,381,226","167,231,246",2006
,<500 employees,"465,271","506,518","6,848,906","90,254,545",2006
,500-999 employees,933,"13,951","547,756","7,939,401",2006
,"1,000-2,499 employees",530,"15,356","623,144","9,392,598",2006
,"2,500-4,999 employees",162,"8,122","370,264","6,363,361",2006
,"5,000-9,999 employees",99,"8,916","437,470","7,426,703",2006
,"10,000 or more employees",125,"59,391","2,553,686","45,854,638",2006
Other Services (except Public Administration),Total,"672,056","736,440","5,458,558","133,557,722",2006
,<500 employees,"670,657","698,224","4,663,580","109,198,741",2006
,500-999 employees,498,"4,437","165,118","5,020,964",2006
,"1,000-2,499 employees",369,"5,878","148,917","4,092,494",2006
,"2,500-4,999 employees",197,"3,835","106,631","3,223,463",2006
,"5,000-9,999 employees",131,"1,888","80,280","2,857,647",2006
,"10,000 or more employees",204,"22,178","294,032","9,164,413",2006
Unclassified,Total,"27,027","27,027","29,519","716,764",2006
,<500 employees,"27,026","27,026",[k],(D),2006
,"2,500-4,999 employees",1,1,[a],(D),2006
Total,Total,"5,983,546","7,499,702","116,317,003","4,482,722,481",2005
,<500 employees,"5,966,069","6,420,532","58,644,585","2,012,581,741",2005
,500-999 employees,"8,701","111,128","6,018,347","230,798,233",2005
,"1,000-2,499 employees","5,159","132,020","7,892,154","324,294,552",2005
,"2,500-4,999 employees","1,787","111,752","6,199,781","276,630,183",2005
,"5,000-9,999 employees",918,"123,808","6,438,639","297,593,815",2005
,"10,000 or more employees",912,"600,462","31,123,497","1,340,823,957",2005
"Ag. Support, Forestry, Fishing, and Hunting",Total,"23,447","24,102","168,744","5,095,741",2005
,<500 employees,"23,352","23,634","142,615","4,162,097",2005
,500-999 employees,21,96,"4,832","98,756",2005
,"1,000-2,499 employees",27,157,"11,209","336,751",2005
,"2,500-4,999 employees",25,48,"3,158","142,118",2005
,"5,000-9,999 employees",6,17,255,"12,593",2005
,"10,000 or more employees",16,150,"6,675","343,426",2005
Mining,Total,"19,406","24,696","497,272","30,823,272",2005
,<500 employees,"19,091","20,657","219,735","11,978,602",2005
,500-999 employees,95,515,"30,166","2,194,235",2005
,"1,000-2,499 employees",93,813,"57,150","4,110,051",2005
,"2,500-4,999 employees",45,678,"46,450","2,934,526",2005
,"5,000-9,999 employees",35,982,"64,593","3,919,922",2005
,"10,000 or more employees",47,"1,051","79,178","5,685,936",2005
Utilities,Total,"6,660","17,326","633,106","46,292,766",2005
,<500 employees,"6,459","7,937","109,175","5,764,524",2005
,500-999 employees,39,252,"14,834","1,053,711",2005
,"1,000-2,499 employees",54,909,"45,466","3,446,361",2005
,"2,500-4,999 employees",28,"1,368","53,269","3,851,084",2005
,"5,000-9,999 employees",37,"2,983","132,362","10,027,826",2005
,"10,000 or more employees",43,"3,877","278,000","22,149,260",2005
Construction,Total,"777,664","787,672","6,781,327","292,519,343",2005
,<500 employees,"776,663","779,596","5,841,751","241,077,229",2005
,500-999 employees,495,"1,675","260,731","12,544,626",2005
,"1,000-2,499 employees",245,"1,360","219,251","11,474,055",2005
,"2,500-4,999 employees",105,"1,083","120,641","6,992,831",2005
,"5,000-9,999 employees",66,"1,128","116,279","7,114,461",2005
,"10,000 or more employees",90,"2,830","222,674","13,316,141",2005
Manufacturing,Total,"288,568","333,460","13,667,337","600,696,305",2005
,<500 employees,"284,536","298,286","6,038,792","227,207,868",2005
,500-999 employees,"1,754","6,050","920,652","38,810,061",2005
,"1,000-2,499 employees","1,168","7,450","1,256,563","55,393,469",2005
,"2,500-4,999 employees",488,"5,661","1,057,472","49,132,755",2005
,"5,000-9,999 employees",292,"5,310","994,460","45,080,425",2005
,"10,000 or more employees",330,"10,703","3,399,398","185,071,727",2005
Wholesale Trade,Total,"336,736","429,823","5,968,929","308,918,023",2005
,<500 employees,"333,706","371,394","3,637,229","167,242,643",2005
,500-999 employees,"1,124","8,109","301,860","16,367,319",2005
,"1,000-2,499 employees",841,"10,136","328,206","19,830,534",2005
,"2,500-4,999 employees",444,"9,332","299,234","17,108,308",2005
,"5,000-9,999 employees",276,"7,306","278,408","17,807,499",2005
,"10,000 or more employees",345,"23,546","1,123,992","70,561,720",2005
Retail Trade,Total,"736,940","1,123,207","15,338,672","348,047,012",2005
,<500 employees,"734,636","821,693","6,307,978","164,591,859",2005
,500-999 employees,901,"19,760","361,897","9,552,504",2005
,"1,000-2,499 employees",598,"26,355","447,969","10,423,629",2005
,"2,500-4,999 employees",273,"23,554","357,321","7,889,173",2005
,"5,000-9,999 employees",211,"39,433","681,898","14,962,157",2005
,"10,000 or more employees",321,"192,412","7,181,609","140,627,690",2005
Transportation and Warehousing,Total,"169,086","211,150","4,168,016","154,375,938",2005
,<500 employees,"166,946","176,625","1,586,501","52,421,618",2005
,500-999 employees,637,"3,794","183,625","6,914,357",2005
,"1,000-2,499 employees",556,"4,644","251,430","9,559,004",2005
,"2,500-4,999 employees",312,"4,345","228,086","8,900,342",2005
,"5,000-9,999 employees",258,"4,349","240,765","9,801,113",2005
,"10,000 or more employees",377,"17,393","1,677,609","66,779,504",2005
Information,Total,"75,261","141,290","3,402,599","203,129,725",2005
,<500 employees,"74,147","80,837","890,289","46,565,598",2005
,500-999 employees,357,"2,828","156,920","9,817,077",2005
,"1,000-2,499 employees",269,"4,061","213,503","14,399,289",2005
,"2,500-4,999 employees",134,"2,450","169,097","12,031,210",2005
,"5,000-9,999 employees",119,"4,552","244,037","14,974,360",2005
,"10,000 or more employees",235,"46,562","1,728,753","105,342,191",2005
Finance and Insurance,Total,"259,983","476,806","6,431,837","446,739,512",2005
,<500 employees,"258,310","307,021","2,128,868","124,287,962",2005
,500-999 employees,538,"11,159","257,463","17,581,336",2005
,"1,000-2,499 employees",455,"18,107","414,477","28,986,188",2005
,"2,500-4,999 employees",242,"19,066","431,704","29,247,461",2005
,"5,000-9,999 employees",171,"14,228","425,325","40,401,648",2005
,"10,000 or more employees",267,"107,225","2,774,000","206,234,917",2005
Real Estate and Rental and Leasing,Total,"300,525","370,651","2,144,077","81,790,239",2005
,<500 employees,"299,302","319,276","1,463,060","53,503,958",2005
,500-999 employees,406,"4,794","102,153","4,654,287",2005
,"1,000-2,499 employees",331,"5,631","89,354","4,137,817",2005
,"2,500-4,999 employees",155,"5,760","65,293","2,951,154",2005
,"5,000-9,999 employees",125,"10,280","100,456","5,742,935",2005
,"10,000 or more employees",206,"24,910","323,761","10,800,088",2005
"Professional, Scientific, and Technical Services",Total,"757,174","826,101","7,689,366","456,455,965",2005
,<500 employees,"754,274","778,507","4,741,326","262,513,454",2005
,500-999 employees,934,"5,283","364,378","24,325,646",2005
,"1,000-2,499 employees",812,"5,450","459,238","32,082,946",2005
,"2,500-4,999 employees",391,"6,066","308,061","19,454,924",2005
,"5,000-9,999 employees",295,"7,278","318,587","17,378,284",2005
,"10,000 or more employees",468,"23,517","1,497,776","100,700,711",2005
Management of Companies and Enterprises,Total,"26,513","47,593","2,856,418","243,267,191",2005
,<500 employees,"19,540","20,860","337,981","21,044,516",2005
,500-999 employees,"2,472","3,365","172,327","12,460,068",2005
,"1,000-2,499 employees","2,052","3,581","268,328","22,277,509",2005
,"2,500-4,999 employees","1,032","3,086","281,024","25,348,860",2005
,"5,000-9,999 employees",660,"2,778","315,377","27,876,560",2005
,"10,000 or more employees",757,"13,923","1,481,381","134,259,678",2005
"Admin., Support, Waste Mngt., and Remediation",Total,"320,252","369,507","9,280,282","255,399,069",2005
,<500 employees,"316,766","327,089","3,619,717","101,086,459",2005
,500-999 employees,"1,349","4,565","653,547","15,498,413",2005
,"1,000-2,499 employees","1,009","5,779","877,199","21,338,686",2005
,"2,500-4,999 employees",440,"4,937","624,759","18,304,592",2005
,"5,000-9,999 employees",286,"4,196","621,054","16,476,683",2005
,"10,000 or more employees",402,"22,941","2,884,006","82,694,236",2005
Educational Services,Total,"72,410","80,486","2,879,374","82,522,976",2005
,<500 employees,"71,293","75,074","1,294,428","33,014,630",2005
,500-999 employees,494,"1,485","288,013","6,714,230",2005
,"1,000-2,499 employees",390,"1,189","460,202","11,003,968",2005
,"2,500-4,999 employees",87,583,"184,851","5,741,224",2005
,"5,000-9,999 employees",48,975,"205,025","7,332,672",2005
,"10,000 or more employees",98,"1,180","446,855","18,716,252",2005
Health Care and Social Assistance,Total,"599,392","746,600","16,025,147","589,654,273",2005
,<500 employees,"595,641","668,593","7,748,761","269,349,560",2005
,500-999 employees,"1,767","17,447","1,125,104","35,772,778",2005
,"1,000-2,499 employees","1,152","15,264","1,615,383","58,788,442",2005
,"2,500-4,999 employees",447,"9,283","1,354,802","54,653,084",2005
,"5,000-9,999 employees",210,"7,763","1,220,234","49,655,617",2005
,"10,000 or more employees",175,"28,250","2,960,863","121,434,792",2005
"Arts, Entertainment, and Recreation",Total,"114,145","121,777","1,936,484","52,935,670",2005
,<500 employees,"113,495","116,130","1,280,666","36,594,357",2005
,500-999 employees,279,"1,329","127,434","4,433,201",2005
,"1,000-2,499 employees",184,"1,415","152,121","4,280,240",2005
,"2,500-4,999 employees",71,497,"79,955","1,873,941",2005
,"5,000-9,999 employees",40,438,"37,613","611,608",2005
,"10,000 or more employees",76,"1,968","258,695","5,142,323",2005
Accommodation and Food Services,Total,"462,983","603,435","11,025,909","156,041,233",2005
,<500 employees,"461,168","500,969","6,611,592","84,859,803",2005
,500-999 employees,926,"13,642","538,093","7,439,550",2005
,"1,000-2,499 employees",506,"14,426","585,002","8,827,817",2005
,"2,500-4,999 employees",172,"10,008","414,430","6,990,670",2005
,"5,000-9,999 employees",88,"7,481","367,951","5,853,122",2005
,"10,000 or more employees",123,"56,909","2,508,841","42,070,271",2005
Other Services (except Public Administration),Total,"676,400","740,034","5,390,954","127,480,612",2005
,<500 employees,"675,026","702,368","4,612,968","104,777,388",2005
,500-999 employees,481,"4,980","154,318","4,566,078",2005
,"1,000-2,499 employees",353,"5,293","140,103","3,597,796",2005
,"2,500-4,999 employees",209,"3,947","120,174","3,081,926",2005
,"5,000-9,999 employees",118,"2,331","73,960","2,564,330",2005
,"10,000 or more employees",213,"21,115","289,431","8,893,094",2005
Unclassified,Total,"23,986","23,986","31,153","537,616",2005
,<500 employees,"23,986","23,986","31,153","537,616",2005
Total,Total,"5,885,784","7,387,724","115,074,924","4,253,995,732",2004
,<500 employees,"5,868,737","6,331,242","58,597,452","1,917,364,605",2004
,500-999 employees,"8,404","108,140","5,781,342","217,589,245",2004
,"1,000-2,499 employees","5,109","133,970","7,840,857","312,415,537",2004
,"2,500-4,999 employees","1,739","106,893","6,038,196","262,111,452",2004
,"5,000-9,999 employees",905,"120,311","6,378,292","278,396,903",2004
,"10,000 or more employees",890,"587,168","30,438,785","1,266,117,990",2004
"Ag. Support, Forestry, Fishing, and Hunting",Total,"24,873","25,528","182,121","5,224,036",2004
,<500 employees,"24,782","25,063",[m],(D),2004
,500-999 employees,21,92,[h],(D),2004
,"1,000-2,499 employees",29,157,"9,989","335,449",2004
,"2,500-4,999 employees",20,38,"1,745","59,980",2004
,"5,000-9,999 employees",8,21,445,"23,056",2004
,"10,000 or more employees",13,157,[i],(D),2004
Mining,Total,"18,605","23,842","470,280","26,749,492",2004
,<500 employees,"18,290","20,009","211,124","10,410,821",2004
,500-999 employees,96,428,"28,236","1,956,722",2004
,"1,000-2,499 employees",93,913,"54,908","3,254,387",2004
,"2,500-4,999 employees",43,421,"33,769","2,081,477",2004
,"5,000-9,999 employees",41,"1,189","63,805","3,492,436",2004
,"10,000 or more employees",42,882,"78,438","5,553,649",2004
Utilities,Total,"6,695","17,675","634,734","44,765,847",2004
,<500 employees,"6,501","8,002","107,513","5,521,623",2004
,500-999 employees,33,318,"14,910","1,009,065",2004
,"1,000-2,499 employees",53,991,"47,380","3,272,106",2004
,"2,500-4,999 employees",28,"1,346","55,874","4,096,543",2004
,"5,000-9,999 employees",35,"2,259","111,090","7,735,237",2004
,"10,000 or more employees",45,"4,759","297,967","23,131,273",2004
Construction,Total,"751,098","760,372","6,647,641","268,268,185",2004
,<500 employees,"750,120","753,073","5,745,598","222,543,388",2004
,500-999 employees,466,"1,476","237,561","11,237,430",2004
,"1,000-2,499 employees",259,"1,243","218,531","10,736,450",2004
,"2,500-4,999 employees",95,981,"115,174","6,444,251",2004
,"5,000-9,999 employees",71,818,"100,384","5,535,449",2004
,"10,000 or more employees",87,"2,781","230,393","11,771,217",2004
Manufacturing,Total,"293,461","339,083","13,821,976","592,829,838",2004
,<500 employees,"289,425","303,597","6,080,495","222,513,293",2004
,500-999 employees,"1,741","6,383","921,490","38,420,340",2004
,"1,000-2,499 employees","1,197","7,666","1,300,815","56,073,815",2004
,"2,500-4,999 employees",468,"5,486","1,017,789","46,508,895",2004
,"5,000-9,999 employees",295,"5,770","992,912","44,832,386",2004
,"10,000 or more employees",335,"10,181","3,508,475","184,481,109",2004
Wholesale Trade,Total,"337,642","429,489","5,907,051","290,576,332",2004
,<500 employees,"334,655","373,293","3,637,296","158,798,469",2004
,500-999 employees,"1,091","8,105","285,350","15,200,250",2004
,"1,000-2,499 employees",856,"10,595","331,266","17,823,352",2004
,"2,500-4,999 employees",418,"8,777","283,390","15,966,176",2004
,"5,000-9,999 employees",274,"6,890","312,588","18,407,621",2004
,"10,000 or more employees",348,"21,829","1,057,161","64,380,464",2004
Retail Trade,Total,"734,984","1,119,849","15,351,431","334,018,026",2004
,<500 employees,"732,712","822,086","6,471,679","160,988,196",2004
,500-999 employees,849,"18,575","335,354","8,521,764",2004
,"1,000-2,499 employees",619,"29,702","468,963","10,644,443",2004
,"2,500-4,999 employees",272,"24,490","368,068","8,997,113",2004
,"5,000-9,999 employees",208,"36,431","628,629","12,341,565",2004
,"10,000 or more employees",324,"188,565","7,078,738","132,524,945",2004
Transportation and Warehousing,Total,"164,803","206,878","4,098,870","148,244,605",2004
,<500 employees,"162,680","172,344","1,570,948","49,400,124",2004
,500-999 employees,639,"3,860","181,171","6,635,262",2004
,"1,000-2,499 employees",566,"4,651","240,959","9,458,292",2004
,"2,500-4,999 employees",289,"3,767","208,654","7,881,339",2004
,"5,000-9,999 employees",254,"4,438","223,973","9,362,317",2004
,"10,000 or more employees",375,"17,818","1,673,165","65,507,271",2004
Information,Total,"75,271","139,681","3,472,427","200,447,203",2004
,<500 employees,"74,125","81,249","908,899","45,845,016",2004
,500-999 employees,357,"2,599","157,939","9,437,725",2004
,"1,000-2,499 employees",282,"3,343","219,553","14,260,919",2004
,"2,500-4,999 employees",150,"3,463","204,127","14,115,933",2004
,"5,000-9,999 employees",118,"4,081","230,328","11,198,383",2004
,"10,000 or more employees",239,"44,946","1,751,581","105,589,227",2004
Finance and Insurance,Total,"251,965","470,627","6,481,304","422,448,748",2004
,<500 employees,"250,251","299,215","2,107,749","116,425,510",2004
,500-999 employees,569,"11,631","264,480","17,626,653",2004
,"1,000-2,499 employees",456,"18,643","408,642","27,449,436",2004
,"2,500-4,999 employees",255,"14,690","431,073","28,322,233",2004
,"5,000-9,999 employees",170,"15,114","453,790","38,334,100",2004
,"10,000 or more employees",264,"111,334","2,815,570","194,290,816",2004
Real Estate and Rental and Leasing,Total,"282,765","348,712","2,086,085","74,113,918",2004
,<500 employees,"281,557","301,125","1,442,094","48,873,044",2004
,500-999 employees,380,"4,565","88,370","3,656,510",2004
,"1,000-2,499 employees",333,"6,309","96,219","4,284,820",2004
,"2,500-4,999 employees",154,"6,919","69,912","2,897,208",2004
,"5,000-9,999 employees",128,"6,629","66,847","3,386,669",2004
,"10,000 or more employees",213,"23,165","322,643","11,015,667",2004
"Professional, Scientific, and Technical Services",Total,"734,912","804,569","7,569,981","426,713,010",2004
,<500 employees,"732,034","756,834","4,660,511","245,663,981",2004
,500-999 employees,931,"5,381","347,802","22,891,918",2004
,"1,000-2,499 employees",793,"5,186","430,942","29,966,718",2004
,"2,500-4,999 employees",382,"5,457","296,793","18,176,643",2004
,"5,000-9,999 employees",295,"8,132","309,330","17,350,695",2004
,"10,000 or more employees",477,"23,579","1,524,603","92,663,055",2004
Management of Companies and Enterprises,Total,"26,626","46,328","2,824,787","222,459,177",2004
,<500 employees,"19,827","21,153","342,554","20,081,857",2004
,500-999 employees,"2,371","3,275","177,457","11,726,877",2004
,"1,000-2,499 employees","2,034","3,662","264,377","20,538,660",2004
,"2,500-4,999 employees",979,"2,878","273,357","22,819,833",2004
,"5,000-9,999 employees",662,"2,811","312,202","25,809,308",2004
,"10,000 or more employees",753,"12,549","1,454,840","121,482,642",2004
"Admin., Support, Waste Mngt., and Remediation",Total,"310,261","358,902","8,708,052","235,542,222",2004
,<500 employees,"306,941","317,710","3,582,942","96,244,004",2004
,500-999 employees,"1,243","4,304","576,167","13,732,024",2004
,"1,000-2,499 employees",955,"5,311","817,261","20,683,402",2004
,"2,500-4,999 employees",445,"5,317","610,952","15,752,139",2004
,"5,000-9,999 employees",271,"4,351","572,910","15,968,667",2004
,"10,000 or more employees",406,"21,909","2,547,820","73,161,986",2004
Educational Services,Total,"71,232","78,760","2,893,346","80,286,352",2004
,<500 employees,"70,127","74,029","1,329,651","32,831,006",2004
,500-999 employees,489,"1,174","284,393","6,211,994",2004
,"1,000-2,499 employees",381,971,"445,240","10,367,696",2004
,"2,500-4,999 employees",89,590,"182,136","5,691,120",2004
,"5,000-9,999 employees",53,747,"211,386","7,680,592",2004
,"10,000 or more employees",93,"1,249","440,540","17,503,944",2004
Health Care and Social Assistance,Total,"588,187","731,917","15,814,812","559,838,280",2004
,<500 employees,"584,480","658,661","7,665,652","257,073,515",2004
,500-999 employees,"1,729","16,548","1,092,615","33,908,522",2004
,"1,000-2,499 employees","1,157","13,941","1,630,739","57,737,445",2004
,"2,500-4,999 employees",440,"8,579","1,321,054","52,183,303",2004
,"5,000-9,999 employees",207,"6,976","1,184,723","45,555,452",2004
,"10,000 or more employees",174,"27,212","2,920,029","113,380,043",2004
"Arts, Entertainment, and Recreation",Total,"111,309","118,827","1,889,044","50,709,572",2004
,<500 employees,"110,686","113,361","1,279,224","36,025,729",2004
,500-999 employees,240,"1,145","108,416","3,742,796",2004
,"1,000-2,499 employees",204,"1,421","165,097","4,204,698",2004
,"2,500-4,999 employees",59,519,"62,336","1,369,830",2004
,"5,000-9,999 employees",46,634,"50,012","984,486",2004
,"10,000 or more employees",74,"1,747","223,959","4,382,033",2004
Accommodation and Food Services,Total,"453,433","591,022","10,749,811","147,178,490",2004
,<500 employees,"451,683","491,697","6,567,667","81,329,204",2004
,500-999 employees,889,"13,227","527,518","7,326,101",2004
,"1,000-2,499 employees",477,"13,973","550,154","7,734,618",2004
,"2,500-4,999 employees",166,"9,958","407,768","6,234,668",2004
,"5,000-9,999 employees",106,"9,720","462,464","7,558,745",2004
,"10,000 or more employees",112,"52,447","2,234,240","36,995,154",2004
Other Services (except Public Administration),Total,"671,348","734,506","5,416,193","122,502,810",2004
,<500 employees,"669,983","697,587","4,672,543","101,378,909",2004
,500-999 employees,475,"5,053","147,437","4,231,370",2004
,"1,000-2,499 employees",360,"5,292","139,822","3,588,831",2004
,"2,500-4,999 employees",188,"3,217","94,225","2,512,768",2004
,"5,000-9,999 employees",129,"3,300","90,474","2,839,739",2004
,"10,000 or more employees",213,"20,057","271,692","7,951,193",2004
Unclassified,Total,"41,157","41,157","54,978","1,079,589",2004
,<500 employees,"41,154","41,154",[l],(D),2004
,500-999 employees,1,1,[a],(D),2004
,"10,000 or more employees",2,2,[b],(D),2004
Total,Total,"5,767,127","7,254,745","113,398,043","4,040,888,841",2003
,<500 employees,"5,750,201","6,222,091","57,447,570","1,818,493,862",2003
,500-999 employees,"8,408","108,809","5,787,182","206,163,015",2003
,"1,000-2,499 employees","4,967","131,063","7,627,411","290,855,934",2003
,"2,500-4,999 employees","1,758","107,722","6,057,167","249,655,966",2003
,"5,000-9,999 employees",910,"115,433","6,389,355","269,455,186",2003
,"10,000 or more employees",883,"569,627","30,089,358","1,206,264,878",2003
"Forestry, Fishing, Hunting, and Agriculture Support",Total,"25,144","25,861","180,673","5,095,173",2003
,<500 employees,"25,050","25,370",[m],(D),2003
,500-999 employees,20,96,[h],(D),2003
,"1,000-2,499 employees",31,160,"8,920","313,331",2003
,"2,500-4,999 employees",21,35,[g],(D),2003
,"5,000-9,999 employees",7,12,254,"14,524",2003
,"10,000 or more employees",15,188,"7,386","368,053",2003
Mining,Total,"18,210","23,599","454,550","24,657,845",2003
,<500 employees,"17,896","19,722","200,974","9,482,157",2003
,500-999 employees,85,380,"24,299","1,366,152",2003
,"1,000-2,499 employees",91,798,"47,979","2,695,716",2003
,"2,500-4,999 employees",50,714,"51,847","3,131,641",2003
,"5,000-9,999 employees",41,"1,082","51,340","2,707,578",2003
,"10,000 or more employees",47,903,"78,111","5,274,601",2003
Utilities,Total,"7,132","18,413","675,938","44,567,779",2003
,<500 employees,"6,929","8,397",[m],(D),2003
,500-999 employees,44,381,[j],(D),2003
,"1,000-2,499 employees",41,748,"46,155","2,929,463",2003
,"2,500-4,999 employees",37,"1,610","66,499","4,504,016",2003
,"5,000-9,999 employees",33,"2,146","107,790","7,301,729",2003
,"10,000 or more employees",48,"5,131","332,042","23,644,722",2003
Construction,Total,"722,818","732,175","6,381,404","252,939,518",2003
,<500 employees,"721,873","724,859","5,487,177","209,391,444",2003
,500-999 employees,436,"1,385","217,957","10,077,648",2003
,"1,000-2,499 employees",254,"1,352","215,144","9,943,636",2003
,"2,500-4,999 employees",99,928,"118,255","6,095,888",2003
,"5,000-9,999 employees",71,877,"110,687","6,044,330",2003
,"10,000 or more employees",85,"2,774","232,184","11,386,572",2003
Manufacturing,Total,"295,596","341,849","14,132,020","576,057,897",2003
,<500 employees,"291,494","305,843","6,102,010","212,661,904",2003
,500-999 employees,"1,769","6,376","927,755","36,396,458",2003
,"1,000-2,499 employees","1,196","7,839","1,276,848","51,250,015",2003
,"2,500-4,999 employees",500,"5,771","1,101,042","47,025,360",2003
,"5,000-9,999 employees",292,"5,654","1,001,021","42,823,448",2003
,"10,000 or more employees",345,"10,366","3,723,344","185,900,712",2003
Wholesale Trade,Total,"342,450","432,537","5,863,860","272,156,200",2003
,<500 employees,"339,368","378,773","3,640,380","150,826,477",2003
,500-999 employees,"1,144","8,329","290,123","14,104,737",2003
,"1,000-2,499 employees",868,"10,311","328,387","16,880,218",2003
,"2,500-4,999 employees",439,"9,225","300,050","16,462,165",2003
,"5,000-9,999 employees",277,"7,690","292,394","15,255,125",2003
,"10,000 or more employees",354,"18,209","1,012,526","58,627,478",2003
Retail Trade,Total,"732,854","1,115,906","14,867,825","319,468,864",2003
,<500 employees,"730,540","821,732","6,404,638","156,468,438",2003
,500-999 employees,893,"21,126","357,884","8,674,564",2003
,"1,000-2,499 employees",593,"27,283","436,986","9,260,039",2003
,"2,500-4,999 employees",289,"25,308","394,856","8,990,609",2003
,"5,000-9,999 employees",219,"35,687","621,534","12,487,322",2003
,"10,000 or more employees",320,"184,770","6,651,927","123,587,892",2003
Transportation & Warehousing,Total,"161,862","202,673","4,067,935","142,748,785",2003
,<500 employees,"159,726","169,684","1,552,349","46,399,390",2003
,500-999 employees,650,"3,594","176,103","6,355,313",2003
,"1,000-2,499 employees",556,"4,023","224,625","8,268,605",2003
,"2,500-4,999 employees",297,"3,977","203,229","7,202,985",2003
,"5,000-9,999 employees",253,"4,000","228,524","8,850,375",2003
,"10,000 or more employees",380,"17,395","1,683,105","65,672,117",2003
Information,Total,"75,786","140,027","3,599,902","204,024,231",2003
,<500 employees,"74,598","81,604","921,522","45,004,797",2003
,500-999 employees,381,"3,066","166,374","9,541,940",2003
,"1,000-2,499 employees",283,"3,467","220,502","13,008,384",2003
,"2,500-4,999 employees",150,"3,366","197,854","12,152,058",2003
,"5,000-9,999 employees",128,"4,505","270,427","13,125,249",2003
,"10,000 or more employees",246,"44,019","1,823,223","111,191,803",2003
Finance & insurance,Total,"244,657","460,591","6,463,706","392,873,188",2003
,<500 employees,"242,924","293,022","2,064,617","110,183,051",2003
,500-999 employees,559,"10,798","256,770","16,606,499",2003
,"1,000-2,499 employees",452,"18,351","406,110","25,761,958",2003
,"2,500-4,999 employees",259,"14,135","405,984","24,905,146",2003
,"5,000-9,999 employees",192,"13,141","516,755","37,453,194",2003
,"10,000 or more employees",271,"111,144","2,813,470","177,963,340",2003
Real Estate and Rental and Leasing,Total,"270,132","333,552","2,044,738","68,559,936",2003
,<500 employees,"268,874","289,115","1,416,087","45,607,612",2003
,500-999 employees,401,"4,244","91,043","3,438,677",2003
,"1,000-2,499 employees",344,"5,771","86,668","3,842,453",2003
,"2,500-4,999 employees",162,"5,948","63,469","2,544,954",2003
,"5,000-9,999 employees",139,"7,999","77,297","4,527,376",2003
,"10,000 or more employees",212,"20,475","310,174","8,598,864",2003
"Professional, Scientific, and Technical Services",Total,"714,790","780,870","7,340,246","398,150,994",2003
,<500 employees,"711,863","737,487","4,546,690","230,715,060",2003
,500-999 employees,960,"4,864","348,452","20,470,870",2003
,"1,000-2,499 employees",820,"5,464","448,477","29,322,885",2003
,"2,500-4,999 employees",364,"6,594","271,059","16,442,818",2003
,"5,000-9,999 employees",313,"4,935","277,128","17,190,333",2003
,"10,000 or more employees",470,"21,526","1,448,440","84,009,028",2003
Management of Companies and Enterprises,Total,"27,703","47,432","2,879,156","212,485,849",2003
,<500 employees,"20,857","22,258","348,209","19,675,066",2003
,500-999 employees,"2,384","3,297","179,096","10,788,447",2003
,"1,000-2,499 employees","2,048","3,614","257,892","18,628,889",2003
,"2,500-4,999 employees","1,009","2,684","265,660","20,560,399",2003
,"5,000-9,999 employees",661,"3,089","321,490","25,390,635",2003
,"10,000 or more employees",744,"12,490","1,506,809","117,442,413",2003
Administrative and Support and Waste Management and Remediation Services,Total,"299,383","348,686","8,511,138","219,233,838",2003
,<500 employees,"296,041","307,186","3,465,385","88,839,744",2003
,500-999 employees,"1,294","4,644","609,578","13,720,584",2003
,"1,000-2,499 employees",929,"5,633","774,843","19,253,373",2003
,"2,500-4,999 employees",426,"5,261","581,363","14,768,395",2003
,"5,000-9,999 employees",284,"3,606","601,927","16,068,007",2003
,"10,000 or more employees",409,"22,356","2,478,042","66,583,735",2003
Educational Services,Total,"68,970","76,422","2,776,615","75,286,733",2003
,<500 employees,"67,883","71,932","1,305,412","31,466,612",2003
,500-999 employees,498,"1,098","278,444","6,103,855",2003
,"1,000-2,499 employees",360,855,"418,016","9,467,068",2003
,"2,500-4,999 employees",87,797,"174,580","5,438,962",2003
,"5,000-9,999 employees",47,594,"174,571","6,392,642",2003
,"10,000 or more employees",95,"1,146","425,592","16,417,594",2003
Health Care and Social Assistance,Total,"575,089","716,350","15,472,183","526,330,389",2003
,<500 employees,"571,409","646,222","7,459,318","243,258,851",2003
,500-999 employees,"1,742","16,555","1,101,063","32,926,623",2003
,"1,000-2,499 employees","1,124","14,266","1,588,367","55,109,799",2003
,"2,500-4,999 employees",444,"7,310","1,312,617","49,782,357",2003
,"5,000-9,999 employees",207,"7,711","1,180,078","43,887,067",2003
,"10,000 or more employees",163,"24,286","2,830,740","101,365,692",2003
"Arts, Entertainment, and Recreation",Total,"106,514","113,991","1,832,985","48,147,004",2003
,<500 employees,"105,886","108,552","1,236,704","33,973,101",2003
,500-999 employees,258,"1,268",[m],(D),2003
,"1,000-2,499 employees",192,"1,437","153,616","3,768,962",2003
,"2,500-4,999 employees",56,422,[k],(D),2003
,"5,000-9,999 employees",44,333,"58,007","936,234",2003
,"10,000 or more employees",78,"1,979","225,885","4,766,816",2003
Accommodation and Food Services,Total,"438,166","575,347","10,439,651","139,189,908",2003
,<500 employees,"436,457","477,564","6,349,472","76,427,569",2003
,500-999 employees,848,"12,545","484,025","6,445,289",2003
,"1,000-2,499 employees",479,"14,035","550,930","7,768,764",2003
,"2,500-4,999 employees",170,"10,259","405,596","6,204,122",2003
,"5,000-9,999 employees",97,"9,001","416,118","6,496,162",2003
,"10,000 or more employees",115,"51,943","2,233,510","35,848,002",2003
Other Services (except Public Administration),Total,"669,655","731,967","5,367,166","118,035,744",2003
,<500 employees,"668,278","696,273","4,636,125","98,016,633",2003
,500-999 employees,473,"4,763","143,586","4,026,723",2003
,"1,000-2,499 employees",361,"5,656","136,946","3,382,376",2003
,"2,500-4,999 employees",190,"3,377","95,648","2,490,712",2003
,"5,000-9,999 employees",133,"3,371","82,013","2,503,856",2003
,"10,000 or more employees",220,"18,527","272,848","7,615,444",2003
Unclassified,Total,"36,497","36,497","46,352","878,966",2003
,<500 employees,"36,496","36,496",[k],(D),2003
,"2,500-4,999 employees",1,1,[a],(D),2003
Total,Total,"5,697,759","7,200,770","112,400,654","3,943,179,606",2002
,<500 employees,"5,680,914","6,172,809","56,366,292","1,777,049,574",2002
,500-999 employees,"8,326","107,369","5,734,715","200,639,204",2002
,"1,000-2,499 employees","4,995","129,378","7,670,687","282,266,426",2002
,"2,500-4,999 employees","1,727","103,810","5,964,080","236,201,022",2002
,"5,000-9,999 employees",884,"117,990","6,131,966","242,128,393",2002
,"10,000 or more employees",913,"569,414","30,532,914","1,204,894,987",2002
"Ag. Support, Forestry, Fishing, and Hunting",Total,"25,828","26,552","181,162","4,978,291",2002
,<500 employees,"25,733","26,052",[m],(D),2002
,500-999 employees,24,101,[i],(D),2002
,"1,000-2,499 employees",28,165,"6,438","221,052",2002
,"2,500-4,999 employees",18,39,[g],(D),2002
,"5,000-9,999 employees",11,36,860,"38,138",2002
,"10,000 or more employees",14,159,"5,325","296,047",2002
Mining,Total,"18,475","23,871","465,775","23,961,694",2002
,<500 employees,"18,154","19,935","204,295","8,908,636",2002
,500-999 employees,109,543,"31,744","1,674,518",2002
,"1,000-2,499 employees",79,642,"38,581","2,028,414",2002
,"2,500-4,999 employees",46,642,"49,011","2,760,026",2002
,"5,000-9,999 employees",35,840,"48,487","2,360,243",2002
,"10,000 or more employees",52,"1,269","93,657","6,229,857",2002
Utilities,Total,"7,603","18,432","648,254","41,844,745",2002
,<500 employees,"7,403","8,844","110,590","5,017,551",2002
,500-999 employees,44,426,"18,561","1,194,236",2002
,"1,000-2,499 employees",45,856,"42,223","2,875,234",2002
,"2,500-4,999 employees",34,"1,320","63,981","4,225,010",2002
,"5,000-9,999 employees",28,"1,924","98,468","6,564,775",2002
,"10,000 or more employees",49,"5,062","314,431","21,967,939",2002
Construction,Total,"701,449","710,325","6,307,370","247,302,462",2002
,<500 employees,"700,456","703,367","5,361,345","202,770,168",2002
,500-999 employees,475,"1,465","239,551","10,847,730",2002
,"1,000-2,499 employees",252,"1,314","198,251","9,362,791",2002
,"2,500-4,999 employees",80,631,"95,793","4,583,168",2002
,"5,000-9,999 employees",79,989,"118,425","5,847,096",2002
,"10,000 or more employees",107,"2,559","294,005","13,891,509",2002
Manufacturing,Total,"297,873","344,341","14,393,609","580,356,005",2002
,<500 employees,"293,698","308,065","6,094,941","211,886,257",2002
,500-999 employees,"1,814","6,482","964,986","37,585,456",2002
,"1,000-2,499 employees","1,224","7,760","1,325,667","51,934,872",2002
,"2,500-4,999 employees",486,"5,599","1,083,731","44,219,933",2002
,"5,000-9,999 employees",286,"5,728","1,033,525","43,617,755",2002
,"10,000 or more employees",365,"10,707","3,890,759","191,111,732",2002
Wholesale Trade,Total,"345,309","436,900","5,860,256","262,527,777",2002
,<500 employees,"342,196","382,428","3,679,493","150,290,620",2002
,500-999 employees,"1,127","7,631","280,204","12,333,887",2002
,"1,000-2,499 employees",885,"9,352","296,134","14,546,518",2002
,"2,500-4,999 employees",442,"8,687","280,071","13,776,753",2002
,"5,000-9,999 employees",282,"8,562","289,319","14,699,937",2002
,"10,000 or more employees",377,"20,240","1,035,035","56,880,062",2002
Retail Trade,Total,"736,130","1,125,693","14,819,904","320,707,026",2002
,<500 employees,"733,756","830,315","6,361,318","157,062,046",2002
,500-999 employees,866,"20,925","351,723","8,590,914",2002
,"1,000-2,499 employees",631,"29,348","468,890","10,830,081",2002
,"2,500-4,999 employees",295,"26,762","406,633","8,608,860",2002
,"5,000-9,999 employees",227,"33,979","620,211","11,742,220",2002
,"10,000 or more employees",355,"184,364","6,611,129","123,872,905",2002
Transportation and Warehousing,Total,"159,373","195,143","3,581,013","127,251,855",2002
,<500 employees,"158,221","168,374","1,491,334","44,608,164",2002
,500-999 employees,398,"3,240","153,395","5,311,587",2002
,"1,000-2,499 employees",311,"3,755","198,906","7,262,174",2002
,"2,500-4,999 employees",137,"3,164","160,033","5,979,654",2002
,"5,000-9,999 employees",113,"2,475","151,214","5,257,048",2002
,"10,000 or more employees",193,"14,135","1,426,131","58,833,228",2002
Information,Total,"77,605","138,590","3,536,120","188,076,999",2002
,<500 employees,"76,529","83,746","904,003","42,480,907",2002
,500-999 employees,350,"2,901","155,360","8,574,146",2002
,"1,000-2,499 employees",287,"3,196","222,585","12,953,546",2002
,"2,500-4,999 employees",128,"3,113","182,018","10,171,760",2002
,"5,000-9,999 employees",102,"5,124","239,559","10,201,007",2002
,"10,000 or more employees",209,"40,510","1,832,595","103,695,633",2002
Finance and Insurance,Total,"237,883","450,422","6,414,583","372,656,276",2002
,<500 employees,"236,132","288,978","1,963,293","102,306,474",2002
,500-999 employees,547,"9,903","240,482","14,273,900",2002
,"1,000-2,499 employees",465,"17,345","388,786","22,782,767",2002
,"2,500-4,999 employees",257,"13,168","414,460","24,477,141",2002
,"5,000-9,999 employees",187,"12,409","426,884","26,769,235",2002
,"10,000 or more employees",295,"108,619","2,980,678","182,046,759",2002
Real Estate and Rental and Leasing,Total,"259,846","323,024","2,017,347","65,241,211",2002
,<500 employees,"258,575","279,899","1,387,030","43,491,443",2002
,500-999 employees,401,"3,829","87,489","3,223,549",2002
,"1,000-2,499 employees",354,"5,239","82,790","3,338,048",2002
,"2,500-4,999 employees",156,"4,146","66,017","2,775,634",2002
,"5,000-9,999 employees",126,"11,223","102,390","4,533,032",2002
,"10,000 or more employees",234,"18,688","291,631","7,879,505",2002
"Professional, Scientific, and Technical Services",Total,"708,000","772,365","7,046,205","368,778,137",2002
,<500 employees,"705,514","731,774","4,523,004","227,683,138",2002
,500-999 employees,867,"5,077","350,985","21,200,073",2002
,"1,000-2,499 employees",693,"4,955","423,773","27,439,528",2002
,"2,500-4,999 employees",300,"6,246","248,730","14,796,764",2002
,"5,000-9,999 employees",236,"4,645","274,974","14,724,699",2002
,"10,000 or more employees",390,"19,668","1,224,739","62,933,935",2002
Management of Companies and Enterprises,Total,"28,229","49,383","2,913,798","204,802,311",2002
,<500 employees,"21,505","22,974","377,431","19,895,020",2002
,500-999 employees,"2,336","3,220","182,330","10,660,848",2002
,"1,000-2,499 employees","2,016","3,478","276,466","18,175,903",2002
,"2,500-4,999 employees",963,"2,836","281,737","20,098,014",2002
,"5,000-9,999 employees",632,"2,847","305,091","21,704,692",2002
,"10,000 or more employees",777,"14,028","1,490,743","114,267,834",2002
"Admin., Support, Waste Mngt., and Remediation",Total,"289,303","343,544","8,299,217","212,189,377",2002
,<500 employees,"286,197","298,192","3,285,548","85,303,929",2002
,500-999 employees,"1,203","4,707","580,791","13,446,550",2002
,"1,000-2,499 employees",893,"5,548","793,965","18,979,256",2002
,"2,500-4,999 employees",375,"4,503","577,590","14,729,696",2002
,"5,000-9,999 employees",241,"4,027","502,659","14,980,888",2002
,"10,000 or more employees",394,"26,567","2,558,664","64,749,058",2002
Educational Services,Total,"65,933","73,701","2,701,675","71,961,852",2002
,<500 employees,"64,922","69,315","1,275,102","30,041,147",2002
,500-999 employees,463,"1,262","270,026","5,908,591",2002
,"1,000-2,499 employees",345,909,"414,385","9,247,664",2002
,"2,500-4,999 employees",75,566,"181,796","5,410,476",2002
,"5,000-9,999 employees",43,760,"164,115","5,577,183",2002
,"10,000 or more employees",85,889,"396,251","15,776,791",2002
Health Care and Social Assistance,Total,"560,083","703,540","14,900,148","499,177,227",2002
,<500 employees,"556,463","634,153","7,144,930","232,331,750",2002
,500-999 employees,"1,685","16,040","1,070,358","30,945,806",2002
,"1,000-2,499 employees","1,123","13,513","1,576,760","52,852,547",2002
,"2,500-4,999 employees",452,"8,474","1,339,667","48,689,266",2002
,"5,000-9,999 employees",188,"6,597","1,045,705","38,574,648",2002
,"10,000 or more employees",172,"24,763","2,722,728","95,783,210",2002
"Arts, Entertainment, and Recreation",Total,"103,043","110,375","1,800,991","47,724,377",2002
,<500 employees,"102,453","105,346","1,193,125","33,263,048",2002
,500-999 employees,235,"1,157",[m],(D),2002
,"1,000-2,499 employees",184,"1,313","151,353","3,864,461",2002
,"2,500-4,999 employees",46,302,[k],(D),2002
,"5,000-9,999 employees",47,272,"68,889","1,447,955",2002
,"10,000 or more employees",78,"1,985","235,958","5,058,634",2002
Accommodation and Food Services,Total,"427,465","565,149","10,048,875","131,110,795",2002
,<500 employees,"425,777","468,035","6,086,586","73,457,005",2002
,500-999 employees,818,"12,831","460,878","5,875,352",2002
,"1,000-2,499 employees",488,"14,057","561,637","7,493,315",2002
,"2,500-4,999 employees",145,"8,956","326,855","4,676,268",2002
,"5,000-9,999 employees",110,"9,952","468,669","6,851,318",2002
,"10,000 or more employees",127,"51,318","2,144,250","32,757,537",2002
Other Services (except Public Administration),Total,"675,218","740,118","5,420,087","118,899,903",2002
,<500 employees,"673,955","703,656","4,669,878","98,625,233",2002
,500-999 employees,454,"4,810","145,850","4,150,719",2002
,"1,000-2,499 employees",330,"5,372","146,016","3,408,386",2002
,"2,500-4,999 employees",189,"3,830","103,222","2,604,804",2002
,"5,000-9,999 employees",99,"4,329","98,215","2,830,817",2002
,"10,000 or more employees",191,"18,121","256,906","7,279,944",2002
Auxiliaries (not in Sector 55),Total,"5,349","13,580","1,011,496","52,670,905",2002
,<500 employees,"3,094","3,640",[l],(D),2002
,500-999 employees,534,819,[k],(D),2002
,"1,000-2,499 employees",610,"1,261","57,081","2,669,869",2002
,"2,500-4,999 employees",338,825,"57,409","2,733,711",2002
,"5,000-9,999 employees",292,"1,272","74,307","3,805,707",2002
,"10,000 or more employees",481,"5,763","727,299","39,582,868",2002
Unclassified,Total,"35,722","35,722","32,769","960,381",2002
,<500 employees,"35,721","35,721",[k],(D),2002
,"2,500-4,999 employees",1,1,[a],(D),2002
Total,Total,"5,657,774","7,095,302","115,061,184","3,989,086,323",2001
,<500 employees,"5,640,407","6,079,993","57,383,449","1,767,546,642",2001
,500-999 employees,"8,572","102,229","5,906,266","203,984,554",2001
,"1,000-2,499 employees","5,161","131,911","7,894,226","281,952,217",2001
,"2,500-4,999 employees","1,770","103,347","6,063,596","232,662,113",2001
,"5,000-9,999 employees",934,"120,158","6,456,068","255,249,225",2001
,"10,000 or more employees",930,"557,664","31,357,579","1,247,691,572",2001
"Ag. Support, Forestry, Fishing, and Hunting",Total,"25,802","26,447","183,476","4,791,849",2001
,<500 employees,"25,715","26,039","163,864","4,090,391",2001
,500-999 employees,23,36,"5,498","112,204",2001
,"1,000-2,499 employees",25,94,"4,796","155,643",2001
,"2,500-4,999 employees",14,93,"3,029","114,859",2001
,"5,000-9,999 employees",7,14,392,"20,141",2001
,"10,000 or more employees",18,171,"5,897","298,611",2001
Mining,Total,"19,340","24,319","485,565","25,014,357",2001
,<500 employees,"19,015","20,452","214,539","9,485,738",2001
,500-999 employees,98,507,"29,101","1,584,753",2001
,"1,000-2,499 employees",91,646,"38,561","2,121,369",2001
,"2,500-4,999 employees",49,575,"55,292","3,139,019",2001
,"5,000-9,999 employees",33,"1,007","50,929","2,418,394",2001
,"10,000 or more employees",54,"1,132","97,143","6,265,084",2001
Utilities,Total,"7,283","17,702","654,484","41,942,303",2001
,<500 employees,"7,069","8,338","105,970","4,676,100",2001
,500-999 employees,47,454,"20,396","1,216,270",2001
,"1,000-2,499 employees",49,900,"44,873","3,134,355",2001
,"2,500-4,999 employees",35,"1,190","56,280","3,719,532",2001
,"5,000-9,999 employees",34,"1,770","104,676","7,141,562",2001
,"10,000 or more employees",49,"5,050","322,289","22,054,484",2001
Construction,Total,"691,110","698,898","6,491,994","247,211,475",2001
,<500 employees,"690,081","692,200","5,527,298","202,964,093",2001
,500-999 employees,457,"1,095","217,929","9,796,931",2001
,"1,000-2,499 employees",283,"1,318","232,069","10,896,576",2001
,"2,500-4,999 employees",87,891,"110,676","5,522,275",2001
,"5,000-9,999 employees",78,756,"103,796","4,454,109",2001
,"10,000 or more employees",124,"2,638","300,226","13,577,491",2001
Manufacturing,Total,"305,160","352,619","15,950,424","617,699,378",2001
,<500 employees,"300,627","314,051","6,637,966","219,731,208",2001
,500-999 employees,"1,986","6,779","1,084,709","39,656,162",2001
,"1,000-2,499 employees","1,337","8,541","1,471,925","55,751,337",2001
,"2,500-4,999 employees",497,"5,480","1,085,183","43,092,912",2001
,"5,000-9,999 employees",342,"6,372","1,281,556","52,141,178",2001
,"10,000 or more employees",371,"11,396","4,389,085","207,326,581",2001
Wholesale Trade,Total,"346,027","438,924","6,142,089","275,899,416",2001
,<500 employees,"342,772","379,313","3,864,994","153,718,464",2001
,500-999 employees,"1,165","8,103","288,432","13,657,371",2001
,"1,000-2,499 employees",944,"9,941","327,070","15,694,759",2001
,"2,500-4,999 employees",452,"8,487","266,829","13,516,693",2001
,"5,000-9,999 employees",306,"10,314","323,630","16,873,583",2001
,"10,000 or more employees",388,"22,766","1,071,134","62,438,546",2001
Retail Trade,Total,"735,135","1,119,950","14,890,289","314,756,961",2001
,<500 employees,"732,718","825,731","6,462,404","155,889,339",2001
,500-999 employees,891,"20,139","355,565","8,465,630",2001
,"1,000-2,499 employees",652,"30,858","496,789","10,573,411",2001
,"2,500-4,999 employees",301,"29,525","447,988","9,745,411",2001
,"5,000-9,999 employees",226,"36,011","609,661","11,461,442",2001
,"10,000 or more employees",347,"177,686","6,517,882","118,621,728",2001
Transportation and Warehousing,Total,"157,197","190,683","3,750,663","129,506,183",2001
,<500 employees,"156,083","164,813","1,557,738","44,694,899",2001
,500-999 employees,373,"3,016","149,464","5,172,229",2001
,"1,000-2,499 employees",321,"3,710","232,021","7,890,171",2001
,"2,500-4,999 employees",138,"2,588","161,352","5,430,581",2001
,"5,000-9,999 employees",100,"2,127","135,489","4,886,109",2001
,"10,000 or more employees",182,"14,429","1,514,599","61,432,194",2001
Information,Total,"77,459","137,293","3,754,698","207,124,226",2001
,<500 employees,"76,326","81,915","994,997","46,186,464",2001
,500-999 employees,389,"2,937","182,080","10,153,106",2001
,"1,000-2,499 employees",289,"3,125","223,938","13,683,306",2001
,"2,500-4,999 employees",145,"3,246","232,863","12,855,238",2001
,"5,000-9,999 employees",98,"4,487","209,825","9,700,129",2001
,"10,000 or more employees",212,"41,583","1,910,995","114,545,983",2001
Finance and Insurance,Total,"230,595","425,028","6,248,400","373,569,819",2001
,<500 employees,"228,986","271,795","1,941,013","97,600,609",2001
,500-999 employees,522,"9,385","249,542","15,342,292",2001
,"1,000-2,499 employees",399,"14,048","348,467","19,045,990",2001
,"2,500-4,999 employees",236,"13,769","421,263","24,623,993",2001
,"5,000-9,999 employees",163,"11,032","386,542","28,534,158",2001
,"10,000 or more employees",289,"104,999","2,901,573","188,422,777",2001
Real Estate and Rental and Leasing,Total,"247,582","307,003","2,013,673","64,009,540",2001
,<500 employees,"246,365","265,352","1,380,907","42,157,925",2001
,500-999 employees,387,"4,049","86,943","3,184,073",2001
,"1,000-2,499 employees",344,"5,547","93,035","3,430,483",2001
,"2,500-4,999 employees",151,"3,632","61,857","2,272,947",2001
,"5,000-9,999 employees",112,"9,774","94,960","5,036,569",2001
,"10,000 or more employees",223,"18,649","295,971","7,927,543",2001
"Professional, Scientific, and Technical Services",Total,"682,278","736,454","7,156,579","374,409,080",2001
,<500 employees,"679,853","700,863","4,589,019","229,707,061",2001
,500-999 employees,846,"4,652","356,012","22,383,595",2001
,"1,000-2,499 employees",684,"5,633","442,977","28,634,799",2001
,"2,500-4,999 employees",286,"4,258","259,446","14,832,192",2001
,"5,000-9,999 employees",235,"5,938","272,598","14,117,252",2001
,"10,000 or more employees",374,"15,110","1,236,527","64,734,181",2001
Management of Companies and Enterprises,Total,"26,794","47,559","2,879,223","213,123,787",2001
,<500 employees,"20,096","21,390","325,473","17,967,887",2001
,500-999 employees,"2,235","2,978","160,773","9,676,847",2001
,"1,000-2,499 employees","2,046","3,657","271,434","17,952,302",2001
,"2,500-4,999 employees",945,"2,602","259,655","19,220,201",2001
,"5,000-9,999 employees",677,"2,812","330,183","24,989,655",2001
,"10,000 or more employees",795,"14,120","1,531,705","123,316,895",2001
"Admin., Support, Waste Mngt., and Remediation",Total,"308,502","362,665","9,061,987","221,385,956",2001
,<500 employees,"305,329","315,284","3,525,685","88,885,421",2001
,500-999 employees,"1,255","4,378","630,091","13,902,762",2001
,"1,000-2,499 employees",919,"5,380","830,868","18,352,912",2001
,"2,500-4,999 employees",363,"4,968","612,192","14,196,458",2001
,"5,000-9,999 employees",252,"4,466","608,581","15,576,999",2001
,"10,000 or more employees",384,"28,189","2,854,570","70,471,404",2001
Educational Services,Total,"63,690","70,878","2,612,430","67,097,541",2001
,<500 employees,"62,701","66,878","1,237,081","28,267,373",2001
,500-999 employees,455,"1,120","263,905","5,548,945",2001
,"1,000-2,499 employees",337,798,"401,617","8,458,883",2001
,"2,500-4,999 employees",80,645,"181,622","4,948,090",2001
,"5,000-9,999 employees",43,478,"152,910","5,124,737",2001
,"10,000 or more employees",74,959,"375,295","14,749,513",2001
Health Care and Social Assistance,Total,"540,976","671,370","14,534,726","465,712,029",2001
,<500 employees,"537,437","603,376","6,905,825","218,400,127",2001
,500-999 employees,"1,651","13,751","1,052,213","29,488,946",2001
,"1,000-2,499 employees","1,099","14,775","1,557,187","49,867,380",2001
,"2,500-4,999 employees",441,"7,086","1,298,781","44,331,523",2001
,"5,000-9,999 employees",191,"7,047","1,074,018","37,921,136",2001
,"10,000 or more employees",157,"25,335","2,646,702","85,702,917",2001
"Arts, Entertainment, and Recreation",Total,"99,124","105,961","1,780,362","46,132,864",2001
,<500 employees,"98,545","101,065","1,193,078","32,614,232",2001
,500-999 employees,227,"1,006","104,630","2,896,036",2001
,"1,000-2,499 employees",174,"1,240","139,954","3,269,646",2001
,"2,500-4,999 employees",54,366,"44,439","999,815",2001
,"5,000-9,999 employees",48,316,"65,135","1,349,036",2001
,"10,000 or more employees",76,"1,968","233,126","5,004,099",2001
Accommodation and Food Services,Total,"416,464","548,569","9,972,301","128,649,922",2001
,<500 employees,"414,792","454,179","5,999,195","71,015,341",2001
,500-999 employees,827,"12,751","482,476","6,183,007",2001
,"1,000-2,499 employees",447,"13,902","531,537","7,150,229",2001
,"2,500-4,999 employees",155,"9,036","349,190","4,855,557",2001
,"5,000-9,999 employees",114,"10,204","471,085","6,774,200",2001
,"10,000 or more employees",129,"48,497","2,138,818","32,671,588",2001
Other Services (except Public Administration),Total,"658,412","719,402","5,370,479","115,218,331",2001
,<500 employees,"657,151","684,722","4,593,627","94,784,796",2001
,500-999 employees,455,"4,232","152,442","4,036,712",2001
,"1,000-2,499 employees",331,"6,484","154,044","3,579,556",2001
,"2,500-4,999 employees",177,"3,937","99,798","2,464,411",2001
,"5,000-9,999 employees",102,"3,886","94,674","2,505,367",2001
,"10,000 or more employees",196,"16,141","275,894","7,847,489",2001
Auxiliaries (not in Sector 55),Total,"5,401","14,934","1,022,114","53,475,502",2001
,<500 employees,"3,018","3,593","57,548","2,353,370",2001
,500-999 employees,559,861,"34,065","1,526,683",2001
,"1,000-2,499 employees",644,"1,314","51,064","2,309,110",2001
,"2,500-4,999 employees",340,973,"55,861","2,780,406",2001
,"5,000-9,999 employees",332,"1,347","85,428","4,223,469",2001
,"10,000 or more employees",508,"6,846","738,148","40,282,464",2001
Unclassified,Total,"78,644","78,644","105,228","2,355,804",2001
,<500 employees,"78,644","78,644","105,228","2,355,804",2001
Total,Total,"5,652,544","7,070,048","114,064,976","3,879,430,052",2000
,<500 employees,"5,635,391","6,080,050","57,124,044","1,727,114,941",2000
,500-999 employees,"8,483","102,303","5,855,270","201,266,061",2000
,"1,000-2,499 employees","5,051","131,931","7,759,918","277,659,788",2000
,"2,500-4,999 employees","1,773","100,855","6,073,500","229,085,791",2000
,"5,000-9,999 employees",903,"123,339","6,299,143","236,380,718",2000
,"10,000 or more employees",943,"531,570","30,953,101","1,207,922,753",2000
"Ag. Support, Forestry, Fishing, and Hunting",Total,"25,450","26,076","183,565","4,682,533",2000
,<500 employees,"25,353","25,649","161,830","3,943,171",2000
,500-999 employees,30,53,"6,201","141,232",2000
,"1,000-2,499 employees",24,83,"5,662","155,859",2000
,"2,500-4,999 employees",15,35,"1,812","62,283",2000
,"5,000-9,999 employees",7,15,596,"20,669",2000
,"10,000 or more employees",21,241,"7,464","359,319",2000
Mining,Total,"18,756","23,738","456,128","22,091,246",2000
,<500 employees,"18,421","19,983","200,474","8,324,841",2000
,500-999 employees,100,544,"29,524","1,625,625",2000
,"1,000-2,499 employees",100,693,"42,545","2,128,726",2000
,"2,500-4,999 employees",50,507,"44,565","2,528,577",2000
,"5,000-9,999 employees",36,"1,088","55,575","2,467,872",2000
,"10,000 or more employees",49,923,"83,445","5,015,605",2000
Utilities,Total,"7,022","17,301","655,230","40,650,836",2000
,<500 employees,"6,807","8,112","104,736","4,459,152",2000
,500-999 employees,47,451,"19,611","1,205,946",2000
,"1,000-2,499 employees",48,775,"47,108","2,852,868",2000
,"2,500-4,999 employees",35,"1,258","61,520","3,845,419",2000
,"5,000-9,999 employees",36,"1,898","110,377","7,030,036",2000
,"10,000 or more employees",49,"4,807","311,878","21,257,415",2000
Construction,Total,"701,947","709,590","6,572,800","239,910,149",2000
,<500 employees,"700,941","703,031","5,675,068","198,989,605",2000
,500-999 employees,460,"1,229","223,839","10,024,686",2000
,"1,000-2,499 employees",244,"1,200","189,628","8,972,198",2000
,"2,500-4,999 employees",93,768,"107,347","4,784,859",2000
,"5,000-9,999 employees",90,842,"122,918","5,825,696",2000
,"10,000 or more employees",119,"2,520","254,000","11,313,105",2000
Manufacturing,Total,"306,303","354,498","16,473,994","643,953,798",2000
,<500 employees,"301,639","315,111","6,801,885","225,999,452",2000
,500-999 employees,"2,065","7,049","1,122,923","42,056,940",2000
,"1,000-2,499 employees","1,350","8,584","1,502,228","57,601,280",2000
,"2,500-4,999 employees",525,"5,851","1,172,689","46,046,918",2000
,"5,000-9,999 employees",334,"5,921","1,236,602","50,752,454",2000
,"10,000 or more employees",390,"11,982","4,637,667","221,496,754",2000
Wholesale Trade,Total,"354,153","446,237","6,112,029","270,122,206",2000
,<500 employees,"350,853","387,886","3,886,521","153,735,174",2000
,500-999 employees,"1,177","8,111","284,141","12,900,815",2000
,"1,000-2,499 employees",960,"10,136","329,368","14,919,519",2000
,"2,500-4,999 employees",438,"7,429","249,023","12,670,225",2000
,"5,000-9,999 employees",321,"10,395","339,515","16,949,895",2000
,"10,000 or more employees",404,"22,280","1,023,461","58,946,578",2000
Retail Trade,Total,"731,444","1,113,573","14,840,775","302,552,506",2000
,<500 employees,"729,032","824,352","6,491,606","151,347,692",2000
,500-999 employees,852,"18,662","322,360","7,559,059",2000
,"1,000-2,499 employees",676,"31,586","521,358","11,529,293",2000
,"2,500-4,999 employees",315,"29,973","480,611","9,304,705",2000
,"5,000-9,999 employees",221,"40,511","604,877","11,170,589",2000
,"10,000 or more employees",348,"168,489","6,419,963","111,641,168",2000
Transportation and Warehousing,Total,"157,333","190,044","3,790,002","125,592,421",2000
,<500 employees,"156,189","165,136","1,556,096","43,992,717",2000
,500-999 employees,376,"2,980","154,502","5,154,567",2000
,"1,000-2,499 employees",334,"4,232","235,316","8,095,780",2000
,"2,500-4,999 employees",138,"2,278","150,285","5,021,545",2000
,"5,000-9,999 employees",105,"2,434","160,832","5,105,232",2000
,"10,000 or more employees",191,"12,984","1,532,971","58,222,580",2000
Information,Total,"79,565","133,590","3,545,731","209,393,800",2000
,<500 employees,"78,471","84,168","996,511","51,851,418",2000
,500-999 employees,368,"2,862","169,756","11,076,389",2000
,"1,000-2,499 employees",279,"3,566","213,510","15,221,546",2000
,"2,500-4,999 employees",138,"2,483","197,857","12,491,810",2000
,"5,000-9,999 employees",106,"5,346","223,022","9,976,727",2000
,"10,000 or more employees",203,"35,165","1,745,075","108,775,910",2000
Finance and Insurance,Total,"227,034","423,727","5,963,426","346,805,452",2000
,<500 employees,"225,404","267,942","1,914,274","93,479,066",2000
,500-999 employees,498,"9,764","239,304","14,861,869",2000
,"1,000-2,499 employees",410,"14,381","356,997","21,727,432",2000
,"2,500-4,999 employees",245,"13,068","422,962","25,354,636",2000
,"5,000-9,999 employees",176,"11,684","397,072","20,768,955",2000
,"10,000 or more employees",301,"106,888","2,632,817","170,613,494",2000
Real Estate and Rental and Leasing,Total,"244,513","300,177","1,942,046","59,212,092",2000
,<500 employees,"243,246","262,011","1,357,860","39,838,990",2000
,500-999 employees,417,"4,260","85,402","2,989,404",2000
,"1,000-2,499 employees",341,"6,213","87,437","3,147,467",2000
,"2,500-4,999 employees",146,"3,871","55,925","2,226,546",2000
,"5,000-9,999 employees",137,"9,416","112,260","4,400,288",2000
,"10,000 or more employees",226,"14,406","243,162","6,609,397",2000
"Professional, Scientific, and Technical Services",Total,"670,099","722,698","6,816,216","362,008,229",2000
,<500 employees,"667,752","689,226","4,408,243","223,525,749",2000
,500-999 employees,824,"4,344","338,364","21,601,500",2000
,"1,000-2,499 employees",615,"4,786","375,716","25,410,529",2000
,"2,500-4,999 employees",304,"5,845","271,385","15,858,881",2000
,"5,000-9,999 employees",243,"4,497","289,070","15,204,437",2000
,"10,000 or more employees",361,"14,000","1,133,438","60,407,133",2000
Management of Companies and Enterprises,Total,"26,762","47,387","2,873,521","211,361,063",2000
,<500 employees,"20,091","21,344","307,641","16,894,844",2000
,500-999 employees,"2,229","2,994","157,761","9,738,710",2000
,"1,000-2,499 employees","2,020","3,567","253,449","16,976,140",2000
,"2,500-4,999 employees",957,"2,461","265,333","18,741,512",2000
,"5,000-9,999 employees",658,"2,746","322,639","22,533,118",2000
,"10,000 or more employees",807,"14,275","1,566,698","126,476,739",2000
"Admin., Support, Waste Mngt., and Remediation",Total,"299,329","351,528","9,138,100","210,281,063",2000
,<500 employees,"296,147","306,552","3,477,471","85,596,762",2000
,500-999 employees,"1,280","4,711","645,637","13,343,295",2000
,"1,000-2,499 employees",899,"6,015","808,903","18,298,525",2000
,"2,500-4,999 employees",366,"3,764","560,006","11,857,088",2000
,"5,000-9,999 employees",255,"4,377","534,252","12,417,113",2000
,"10,000 or more employees",382,"26,109","3,111,831","68,768,280",2000
Educational Services,Total,"60,934","68,014","2,532,324","61,923,347",2000
,<500 employees,"59,954","64,156","1,193,208","26,138,745",2000
,500-999 employees,467,"1,062","271,804","5,361,179",2000
,"1,000-2,499 employees",319,831,"391,348","7,767,128",2000
,"2,500-4,999 employees",75,701,"176,260","4,639,742",2000
,"5,000-9,999 employees",42,523,"160,346","5,303,572",2000
,"10,000 or more employees",77,741,"339,358","12,712,981",2000
Health Care and Social Assistance,Total,"532,042","658,559","14,108,655","431,430,402",2000
,<500 employees,"528,551","594,510","6,707,569","203,226,662",2000
,500-999 employees,"1,631","13,922","1,036,768","27,710,818",2000
,"1,000-2,499 employees","1,090","12,455","1,532,336","47,273,269",2000
,"2,500-4,999 employees",427,"7,164","1,281,394","42,373,651",2000
,"5,000-9,999 employees",182,"7,360","988,681","32,943,542",2000
,"10,000 or more employees",161,"23,148","2,561,907","77,902,460",2000
"Arts, Entertainment, and Recreation",Total,"97,072","103,816","1,741,497","43,203,906",2000
,<500 employees,"96,497","99,055","1,183,105","30,447,094",2000
,500-999 employees,238,965,"111,147","3,212,368",2000
,"1,000-2,499 employees",156,"1,233","114,719","2,581,597",2000
,"2,500-4,999 employees",54,342,"49,691","1,122,606",2000
,"5,000-9,999 employees",54,275,"51,686","1,096,803",2000
,"10,000 or more employees",73,"1,946","231,149","4,743,438",2000
Accommodation and Food Services,Total,"412,776","542,411","9,880,923","125,581,836",2000
,<500 employees,"411,131","450,515","5,954,075","68,848,486",2000
,500-999 employees,800,"12,872","460,381","5,722,389",2000
,"1,000-2,499 employees",456,"14,802","554,336","7,272,469",2000
,"2,500-4,999 employees",161,"8,086","365,452","5,263,663",2000
,"5,000-9,999 employees",101,"8,433","415,643","6,043,143",2000
,"10,000 or more employees",127,"47,703","2,131,036","32,431,686",2000
Other Services (except Public Administration),Total,"661,709","723,323","5,293,399","109,876,770",2000
,<500 employees,"660,477","688,774","4,544,679","90,402,896",2000
,500-999 employees,437,"4,643","144,273","3,632,978",2000
,"1,000-2,499 employees",325,"5,458","143,605","3,285,692",2000
,"2,500-4,999 employees",167,"4,020","101,957","2,409,592",2000
,"5,000-9,999 employees",104,"4,296","87,108","2,223,350",2000
,"10,000 or more employees",199,"16,132","271,777","7,922,262",2000
Auxiliaries (not in Sector 55),Total,"5,403","14,793","1,001,015","54,863,304",2000
,<500 employees,"3,024","3,569","57,592","2,139,332",2000
,500-999 employees,550,825,"31,572","1,346,292",2000
,"1,000-2,499 employees",625,"1,335","54,349","2,442,471",2000
,"2,500-4,999 employees",358,951,"57,426","2,481,533",2000
,"5,000-9,999 employees",324,"1,282","86,072","4,147,227",2000
,"10,000 or more employees",522,"6,831","714,004","42,306,449",2000
Unclassified,Total,"98,968","98,968","143,600","3,933,093",2000
,<500 employees,"98,968","98,968","143,600","3,933,093",2000
Total,Total,"5,607,743","7,008,444","110,705,661","3,554,692,909",1999
,<500 employees,"5,591,003","6,048,129","55,729,092","1,601,129,388",1999
,500-999 employees,"8,235","101,268","5,662,057","181,765,746",1999
,"1,000-2,499 employees","4,992","127,946","7,629,355","254,215,167",1999
,"2,500-4,999 employees","1,706","102,720","5,904,452","211,574,407",1999
,"5,000-9,999 employees",871,"117,503","6,064,760","225,756,578",1999
,"10,000 or more employees",936,"510,878","29,715,945","1,080,251,623",1999
"Ag. Support, Forestry, Fishing, and Hunting",Total,"26,259","26,926","192,155","4,812,649",1999
,<500 employees,"26,141","26,373","163,040","3,969,300",1999
,500-999 employees,37,136,"10,013","174,964",1999
,"1,000-2,499 employees",29,95,"4,206","133,823",1999
,"2,500-4,999 employees",16,38,"4,221","121,760",1999
,"5,000-9,999 employees",10,19,655,"25,078",1999
,"10,000 or more employees",26,265,"10,020","387,724",1999
Mining,Total,"18,828","23,699","456,645","20,975,962",1999
,<500 employees,"18,485","20,069","196,051","7,553,231",1999
,500-999 employees,103,501,"27,342","1,371,398",1999
,"1,000-2,499 employees",101,731,"44,912","2,177,759",1999
,"2,500-4,999 employees",45,344,"30,907","1,517,626",1999
,"5,000-9,999 employees",46,"1,128","62,957","2,958,406",1999
,"10,000 or more employees",48,926,"94,476","5,397,542",1999
Utilities,Total,"6,663","16,578","667,062","39,354,990",1999
,<500 employees,"6,437","7,773","102,355","4,377,440",1999
,500-999 employees,49,433,"19,834","1,062,444",1999
,"1,000-2,499 employees",50,774,"47,174","2,636,038",1999
,"2,500-4,999 employees",33,"1,088","65,569","3,756,815",1999
,"5,000-9,999 employees",46,"2,875","170,851","10,748,087",1999
,"10,000 or more employees",48,"3,635","261,279","16,774,166",1999
Construction,Total,"691,490","698,541","6,201,626","219,087,088",1999
,<500 employees,"690,543","692,692","5,426,843","185,960,122",1999
,500-999 employees,422,"1,043","204,934","8,306,865",1999
,"1,000-2,499 employees",245,"1,257","183,992","8,096,534",1999
,"2,500-4,999 employees",83,830,"92,698","4,168,359",1999
,"5,000-9,999 employees",75,793,"101,513","4,123,878",1999
,"10,000 or more employees",122,"1,926","191,646","8,431,330",1999
Manufacturing,Total,"311,902","360,244","16,659,930","625,536,131",1999
,<500 employees,"307,153","321,085","6,841,339","218,134,152",1999
,500-999 employees,"2,111","7,063","1,142,076","40,275,268",1999
,"1,000-2,499 employees","1,383","8,663","1,555,625","56,592,813",1999
,"2,500-4,999 employees",523,"5,812","1,195,999","44,133,109",1999
,"5,000-9,999 employees",334,"5,565","1,275,662","50,188,762",1999
,"10,000 or more employees",398,"12,056","4,649,229","216,212,027",1999
Wholesale Trade,Total,"358,564","450,030","5,972,022","249,997,598",1999
,<500 employees,"355,263","393,141","3,834,277","144,296,931",1999
,500-999 employees,"1,165","7,921","264,691","11,164,434",1999
,"1,000-2,499 employees",973,"9,983","339,073","15,290,059",1999
,"2,500-4,999 employees",426,"9,015","251,612","11,383,365",1999
,"5,000-9,999 employees",325,"8,676","303,421","15,739,437",1999
,"10,000 or more employees",412,"21,294","978,948","52,123,372",1999
Retail Trade,Total,"730,303","1,111,260","14,476,628","281,946,316",1999
,<500 employees,"727,896","827,394","6,382,137","143,682,885",1999
,500-999 employees,857,"19,324","324,038","7,069,539",1999
,"1,000-2,499 employees",677,"30,754","501,714","9,979,845",1999
,"2,500-4,999 employees",313,"32,119","486,291","8,899,443",1999
,"5,000-9,999 employees",205,"37,747","570,815","9,426,608",1999
,"10,000 or more employees",355,"163,922","6,211,633","102,887,996",1999
Transportation and Warehousing,Total,"155,170","187,339","3,627,057","116,682,214",1999
,<500 employees,"154,032","163,517","1,524,169","41,992,045",1999
,500-999 employees,372,"3,181","151,421","5,074,534",1999
,"1,000-2,499 employees",321,"3,792","226,530","7,280,258",1999
,"2,500-4,999 employees",144,"3,028","171,452","5,302,760",1999
,"5,000-9,999 employees",110,"1,984","130,324","5,155,964",1999
,"10,000 or more employees",191,"11,837","1,423,161","51,876,653",1999
Information,Total,"77,052","126,510","3,234,530","170,282,356",1999
,<500 employees,"76,037","81,995","913,491","41,520,690",1999
,500-999 employees,341,"2,504","150,577","9,178,712",1999
,"1,000-2,499 employees",245,"3,504","183,546","10,811,588",1999
,"2,500-4,999 employees",132,"2,403","182,472","10,195,590",1999
,"5,000-9,999 employees",96,"4,349","203,450","7,133,726",1999
,"10,000 or more employees",201,"31,755","1,600,994","91,442,050",1999
Finance and Insurance,Total,"223,535","418,337","5,965,174","313,245,188",1999
,<500 employees,"221,872","265,992","1,916,205","85,049,670",1999
,500-999 employees,522,"10,710","246,300","13,763,317",1999
,"1,000-2,499 employees",417,"14,816","370,231","19,568,583",1999
,"2,500-4,999 employees",252,"12,221","451,323","25,812,736",1999
,"5,000-9,999 employees",173,"13,215","411,406","23,551,515",1999
,"10,000 or more employees",299,"101,383","2,569,709","145,499,367",1999
Real Estate and Rental and Leasing,Total,"242,838","298,080","1,873,792","54,095,260",1999
,<500 employees,"241,562","261,122","1,323,661","36,872,561",1999
,500-999 employees,399,"4,416","81,959","2,673,362",1999
,"1,000-2,499 employees",355,"4,480","80,677","2,690,141",1999
,"2,500-4,999 employees",148,"4,773","49,336","1,934,479",1999
,"5,000-9,999 employees",133,"8,807","83,499","2,915,849",1999
,"10,000 or more employees",241,"14,482","254,660","7,008,868",1999
"Professional, Scientific, and Technical Services",Total,"654,464","704,779","6,432,422","311,238,501",1999
,<500 employees,"652,198","673,680","4,189,638","195,604,420",1999
,500-999 employees,768,"3,995","305,995","17,649,221",1999
,"1,000-2,499 employees",603,"4,480","346,779","19,271,382",1999
,"2,500-4,999 employees",289,"5,878","252,175","13,660,287",1999
,"5,000-9,999 employees",246,"4,846","302,119","15,496,159",1999
,"10,000 or more employees",360,"11,900","1,035,716","49,557,032",1999
Management of Companies and Enterprises,Total,"26,873","46,528","2,788,276","192,378,035",1999
,<500 employees,"20,260","21,579","313,666","16,400,478",1999
,500-999 employees,"2,196","3,097","150,971","8,361,142",1999
,"1,000-2,499 employees","2,010","3,462","248,473","15,687,996",1999
,"2,500-4,999 employees",969,"2,442","265,454","17,047,866",1999
,"5,000-9,999 employees",626,"2,550","295,673","20,296,019",1999
,"10,000 or more employees",812,"13,398","1,514,039","114,584,534",1999
"Admin., Support, Waste Mngt., and Remediation",Total,"299,367","350,401","8,366,523","183,100,191",1999
,<500 employees,"296,325","307,009","3,376,784","78,054,926",1999
,500-999 employees,"1,226","4,613","607,582","12,129,247",1999
,"1,000-2,499 employees",832,"5,728","729,126","15,743,404",1999
,"2,500-4,999 employees",346,"3,440","485,212","9,090,154",1999
,"5,000-9,999 employees",260,"3,826","520,527","12,649,186",1999
,"10,000 or more employees",378,"25,785","2,647,292","55,433,274",1999
Educational Services,Total,"59,611","66,492","2,431,718","56,871,035",1999
,<500 employees,"58,660","62,945","1,143,215","23,925,307",1999
,500-999 employees,427,"1,060","244,949","4,546,325",1999
,"1,000-2,499 employees",347,863,"411,530","7,834,027",1999
,"2,500-4,999 employees",66,447,"148,897","4,017,576",1999
,"5,000-9,999 employees",38,532,"142,704","4,739,866",1999
,"10,000 or more employees",73,645,"340,423","11,807,934",1999
Health Care and Social Assistance,Total,"524,303","649,846","13,865,014","409,223,160",1999
,<500 employees,"520,873","587,499","6,510,370","190,179,861",1999
,500-999 employees,"1,603","12,452","1,016,428","26,699,126",1999
,"1,000-2,499 employees","1,074","12,020","1,511,228","45,212,808",1999
,"2,500-4,999 employees",407,"6,805","1,240,506","40,525,070",1999
,"5,000-9,999 employees",174,"5,048","917,753","29,307,572",1999
,"10,000 or more employees",172,"26,022","2,668,729","77,298,723",1999
"Arts, Entertainment, and Recreation",Total,"96,044","102,786","1,640,030","39,415,855",1999
,<500 employees,"95,492","97,985","1,133,406","28,808,259",1999
,500-999 employees,220,"1,117","102,607","2,257,152",1999
,"1,000-2,499 employees",171,"1,294","116,899","2,622,939",1999
,"2,500-4,999 employees",46,439,"48,662","1,013,019",1999
,"5,000-9,999 employees",39,103,"33,471","617,157",1999
,"10,000 or more employees",76,"1,848","204,985","4,097,329",1999
Accommodation and Food Services,Total,"411,644","539,576","9,638,007","116,924,965",1999
,<500 employees,"410,047","450,639","5,848,599","65,020,365",1999
,500-999 employees,769,"11,791","434,632","5,335,142",1999
,"1,000-2,499 employees",458,"13,512","527,891","6,921,664",1999
,"2,500-4,999 employees",139,"7,811","342,442","4,650,397",1999
,"5,000-9,999 employees",93,"9,434","374,722","4,954,400",1999
,"10,000 or more employees",138,"46,389","2,109,721","30,042,997",1999
Other Services (except Public Administration),Total,"656,875","717,892","5,151,464","101,953,241",1999
,<500 employees,"655,641","684,021","4,428,406","85,001,621",1999
,500-999 employees,448,"4,987","143,316","3,420,615",1999
,"1,000-2,499 employees",323,"6,442","139,951","2,999,765",1999
,"2,500-4,999 employees",156,"2,722","79,354","1,758,274",1999
,"5,000-9,999 employees",107,"4,822","89,939","2,349,916",1999
,"10,000 or more employees",200,"14,898","270,498","6,423,050",1999
Auxiliaries (not in Sector 55),Total,"5,462","14,589","959,257","44,814,940",1999
,<500 employees,"3,065","3,608","55,111","1,967,890",1999
,500-999 employees,548,924,"32,392","1,252,939",1999
,"1,000-2,499 employees",635,"1,296","59,798","2,663,741",1999
,"2,500-4,999 employees",369,"1,065","59,870","2,585,722",1999
,"5,000-9,999 employees",312,"1,184","73,299","3,378,993",1999
,"10,000 or more employees",533,"6,512","678,787","32,965,655",1999
Unclassified,Total,"98,011","98,011","106,329","2,757,234",1999
,<500 employees,"98,011","98,011","106,329","2,757,234",1999
Total,Total,"5,579,177","6,941,822","108,117,731","3,309,405,533",1998
,<500 employees,"5,562,799","6,030,325","55,064,409","1,512,769,153",1998
,500-999 employees,"8,055","99,276","5,547,037","166,642,047",1998
,"1,000-2,499 employees","4,914","125,462","7,516,009","240,614,600",1998
,"2,500-4,999 employees","1,654","99,271","5,717,754","197,883,555",1998
,"5,000-9,999 employees",869,"109,680","6,086,847","222,289,218",1998
,"10,000 or more employees",886,"477,808","28,185,675","969,206,960",1998
"Ag. Support, Forestry, Fishing, and Hunting",Total,"26,619","27,292","187,149","4,654,305",1998
,<500 employees,"26,506","26,732","163,747","3,841,690",1998
,500-999 employees,25,118,"5,577","114,194",1998
,"1,000-2,499 employees",32,113,"6,644","215,041",1998
,"2,500-4,999 employees",16,67,"2,099","111,569",1998
,"5,000-9,999 employees",11,23,706,"24,687",1998
,"10,000 or more employees",29,239,"8,376","347,124",1998
Mining,Total,"19,831","24,659","497,849","21,941,916",1998
,<500 employees,"19,486","21,120","219,197","8,016,704",1998
,500-999 employees,100,495,"29,410","1,308,959",1998
,"1,000-2,499 employees",103,832,"56,679","2,746,004",1998
,"2,500-4,999 employees",41,259,"25,237","1,156,718",1998
,"5,000-9,999 employees",49,862,"63,729","2,959,783",1998
,"10,000 or more employees",52,"1,091","103,597","5,753,748",1998
Utilities,Total,"6,603","15,895","682,227","38,097,227",1998
,<500 employees,"6,371","7,733","103,510","4,253,071",1998
,500-999 employees,49,438,"21,410","1,098,827",1998
,"1,000-2,499 employees",48,646,"45,924","2,538,042",1998
,"2,500-4,999 employees",39,"1,526","86,420","4,716,806",1998
,"5,000-9,999 employees",50,"2,823","196,470","11,597,981",1998
,"10,000 or more employees",46,"2,729","228,493","13,892,500",1998
Construction,Total,"686,250","693,018","5,798,942","198,547,023",1998
,<500 employees,"685,373","687,539","5,119,939","169,596,252",1998
,500-999 employees,389,"1,098","180,780","7,693,604",1998
,"1,000-2,499 employees",225,"1,108","148,628","6,409,532",1998
,"2,500-4,999 employees",81,863,"92,949","3,888,516",1998
,"5,000-9,999 employees",75,822,"101,162","4,580,873",1998
,"10,000 or more employees",107,"1,588","155,484","6,378,246",1998
Manufacturing,Total,"318,537","366,443","16,946,142","607,342,407",1998
,<500 employees,"313,699","327,871","7,014,800","214,087,867",1998
,500-999 employees,"2,136","6,930","1,157,058","38,523,180",1998
,"1,000-2,499 employees","1,442","8,820","1,612,414","55,586,422",1998
,"2,500-4,999 employees",520,"5,469","1,199,608","43,508,394",1998
,"5,000-9,999 employees",336,"5,944","1,371,017","52,350,221",1998
,"10,000 or more employees",404,"11,409","4,591,245","203,286,323",1998
Wholesale Trade,Total,"363,454","453,987","5,885,230","233,924,453",1998
,<500 employees,"360,149","398,930","3,849,853","139,376,232",1998
,500-999 employees,"1,144","7,532","243,891","9,778,441",1998
,"1,000-2,499 employees",984,"10,523","343,355","14,399,170",1998
,"2,500-4,999 employees",426,"8,167","244,758","10,618,033",1998
,"5,000-9,999 employees",344,"8,184","282,682","13,659,842",1998
,"10,000 or more employees",407,"20,651","920,691","46,092,735",1998
Retail Trade,Total,"738,890","1,113,851","14,241,512","260,349,716",1998
,<500 employees,"736,491","838,627","6,389,839","136,021,538",1998
,500-999 employees,852,"19,135","332,974","6,885,474",1998
,"1,000-2,499 employees",691,"32,462","512,408","9,569,259",1998
,"2,500-4,999 employees",311,"32,274","498,455","8,653,451",1998
,"5,000-9,999 employees",210,"35,967","576,634","9,427,166",1998
,"10,000 or more employees",335,"155,386","5,931,202","89,792,828",1998
Transportation and Warehousing,Total,"154,715","186,364","3,462,624","108,597,481",1998
,<500 employees,"153,605","163,454","1,506,900","40,065,921",1998
,500-999 employees,381,"3,176","163,501","5,093,972",1998
,"1,000-2,499 employees",311,"3,693","216,758","7,109,472",1998
,"2,500-4,999 employees",127,"2,141","137,870","4,355,693",1998
,"5,000-9,999 employees",110,"2,244","158,791","5,816,324",1998
,"10,000 or more employees",181,"11,656","1,278,804","46,156,099",1998
Information,Total,"75,299","120,635","3,142,024","146,824,689",1998
,<500 employees,"74,330","80,626","903,193","36,886,613",1998
,500-999 employees,307,"2,611","133,418","5,688,482",1998
,"1,000-2,499 employees",250,"3,099","187,434","9,218,808",1998
,"2,500-4,999 employees",127,"2,344","173,426","8,510,720",1998
,"5,000-9,999 employees",94,"3,848","201,975","6,484,620",1998
,"10,000 or more employees",191,"28,107","1,542,578","80,035,446",1998
Finance and Insurance,Total,"222,005","412,416","5,770,339","290,008,843",1998
,<500 employees,"220,365","265,947","1,880,635","81,243,527",1998
,500-999 employees,507,"9,572","232,318","11,478,120",1998
,"1,000-2,499 employees",425,"15,195","376,105","19,688,103",1998
,"2,500-4,999 employees",244,"11,491","400,331","23,786,306",1998
,"5,000-9,999 employees",181,"13,972","466,703","28,071,910",1998
,"10,000 or more employees",283,"96,239","2,414,247","125,740,877",1998
Real Estate and Rental and Leasing,Total,"242,497","292,450","1,812,728","49,888,042",1998
,<500 employees,"241,196","261,861","1,308,058","34,700,014",1998
,500-999 employees,421,"5,173","85,643","2,606,111",1998
,"1,000-2,499 employees",351,"5,684","87,494","3,061,682",1998
,"2,500-4,999 employees",158,"3,259","53,205","1,724,590",1998
,"5,000-9,999 employees",127,"1,990","38,842","1,747,302",1998
,"10,000 or more employees",244,"14,483","239,486","6,048,343",1998
"Professional, Scientific, and Technical Services",Total,"641,621","687,992","6,052,365","277,676,568",1998
,<500 employees,"639,458","661,395","4,011,432","179,576,659",1998
,500-999 employees,748,"4,002","282,253","15,137,938",1998
,"1,000-2,499 employees",570,"3,922","319,812","16,538,076",1998
,"2,500-4,999 employees",260,"4,491","193,967","9,646,509",1998
,"5,000-9,999 employees",241,"4,450","267,910","12,987,724",1998
,"10,000 or more employees",344,"9,732","976,991","43,789,662",1998
Management of Companies and Enterprises,Total,"26,419","43,681","2,703,799","175,648,657",1998
,<500 employees,"19,857","21,223","304,299","14,980,488",1998
,500-999 employees,"2,176","2,905","147,838","8,047,533",1998
,"1,000-2,499 employees","2,009","3,659","249,528","14,877,975",1998
,"2,500-4,999 employees",960,"2,343","243,194","14,782,429",1998
,"5,000-9,999 employees",643,"2,348","292,206","20,539,393",1998
,"10,000 or more employees",774,"11,203","1,466,734","102,420,839",1998
"Admin., Support, Waste Mngt., and Remediation",Total,"302,863","351,134","7,775,033","163,707,409",1998
,<500 employees,"299,989","310,993","3,348,283","73,212,231",1998
,500-999 employees,"1,165","4,510","580,545","11,013,729",1998
,"1,000-2,499 employees",804,"5,678","672,450","13,024,488",1998
,"2,500-4,999 employees",318,"2,910","437,331","8,464,265",1998
,"5,000-9,999 employees",231,"4,302","438,487","9,863,157",1998
,"10,000 or more employees",356,"22,741","2,297,937","48,129,539",1998
Educational Services,Total,"58,468","64,902","2,323,817","52,287,365",1998
,<500 employees,"57,542","61,810","1,092,787","21,937,245",1998
,500-999 employees,425,"1,051","244,150","4,269,297",1998
,"1,000-2,499 employees",328,883,"388,421","7,151,635",1998
,"2,500-4,999 employees",67,604,"138,897","3,683,200",1998
,"5,000-9,999 employees",32,59,"131,197","4,330,597",1998
,"10,000 or more employees",74,495,"328,365","10,915,391",1998
Health Care and Social Assistance,Total,"527,667","649,681","13,758,395","395,478,378",1998
,<500 employees,"524,253","590,492","6,453,555","182,896,989",1998
,500-999 employees,"1,602","12,720","1,024,618","26,661,168",1998
,"1,000-2,499 employees","1,072","10,456","1,516,290","44,838,358",1998
,"2,500-4,999 employees",418,"7,888","1,287,283","40,429,906",1998
,"5,000-9,999 employees",159,"4,677","857,308","26,371,516",1998
,"10,000 or more employees",163,"23,448","2,619,341","74,280,441",1998
"Arts, Entertainment, and Recreation",Total,"96,317","102,870","1,583,836","36,046,794",1998
,<500 employees,"95,786","98,417","1,108,204","26,763,528",1998
,500-999 employees,209,921,"95,578","2,270,278",1998
,"1,000-2,499 employees",165,902,"102,495","2,060,415",1998
,"2,500-4,999 employees",50,581,"41,844","856,024",1998
,"5,000-9,999 employees",44,336,"48,705","755,856",1998
,"10,000 or more employees",63,"1,713","187,010","3,340,693",1998
Accommodation and Food Services,Total,"418,270","544,565","9,466,660","109,595,274",1998
,<500 employees,"416,714","458,206","5,808,152","62,030,360",1998
,500-999 employees,759,"11,503","426,586","5,003,418",1998
,"1,000-2,499 employees",437,"11,590","491,404","6,589,648",1998
,"2,500-4,999 employees",137,"7,216","318,669","4,507,824",1998
,"5,000-9,999 employees",96,"9,575","436,964","5,571,322",1998
,"10,000 or more employees",127,"46,475","1,984,885","25,892,702",1998
Other Services (except Public Administration),Total,"659,258","719,368","5,038,717","96,012,860",1998
,<500 employees,"658,052","686,915","4,350,257","80,056,170",1998
,500-999 employees,434,"4,540","131,582","2,942,166",1998
,"1,000-2,499 employees",326,"4,923","124,217","2,652,850",1998
,"2,500-4,999 employees",142,"4,270","77,239","1,756,507",1998
,"5,000-9,999 employees",104,"6,129","94,516","2,334,940",1998
,"10,000 or more employees",200,"12,591","260,906","6,270,227",1998
Auxiliaries (not in Sector 55),Total,"5,333","13,816","916,349","41,475,743",1998
,<500 employees,"3,051","3,631","55,775","1,925,671",1998
,500-999 employees,518,846,"27,907","1,027,156",1998
,"1,000-2,499 employees",600,"1,274","57,549","2,339,620",1998
,"2,500-4,999 employees",354,"1,108","64,972","2,726,095",1998
,"5,000-9,999 employees",290,"1,125","60,843","2,814,004",1998
,"10,000 or more employees",520,"5,832","649,303","30,643,197",1998
Unclassified,Total,"56,803","56,803","71,994","1,300,383",1998
,<500 employees,"56,803","56,803","71,994","1,300,383",1998